im_name,x_min,y_min,x_max,y_max,class,models,e
1000013824.jpg,20,68,618,300,1,Toyota Sequoia SUV 2012,129.1428571
1000079360.jpg,18,31,556,407,1,Toyota Sequoia SUV 2012,129.1428571
1001848832.jpg,105,146,1573,1098,1,Toyota Sequoia SUV 2012,129.1428571
1002635264.jpg,37,83,435,276,1,Toyota Sequoia SUV 2012,129.1428571
1003880448.jpg,7,81,450,282,1,Toyota Sequoia SUV 2012,129.1428571
1005060096.jpg,73,221,581,409,1,Toyota Camry Sedan 2012,129.1428571
1005322240.jpg,156,192,572,336,1,Toyota Camry Sedan 2012,129.1428571
1005649920.jpg,53,115,565,380,1,Toyota Camry Sedan 2012,129.1428571
1005780992.jpg,50,42,605,438,1,Toyota Camry Sedan 2012,129.1428571
1006436352.jpg,47,201,534,426,1,Toyota Camry Sedan 2012,129.1428571
1007091712.jpg,75,254,2514,1929,1,Toyota Camry Sedan 2012,129.1428571
1007419392.jpg,85,102,575,407,1,Toyota Camry Sedan 2012,129.1428571
1007484928.jpg,67,101,549,345,1,Toyota Camry Sedan 2012,129.1428571
1008074752.jpg,49,57,611,415,1,Toyota Camry Sedan 2012,129.1428571
1008205824.jpg,144,247,874,594,1,Toyota Camry Sedan 2012,129.1428571
1008271360.jpg,78,191,946,612,1,Toyota Camry Sedan 2012,129.1428571
1008533504.jpg,76,161,881,516,1,Toyota Camry Sedan 2012,129.1428571
1008599040.jpg,30,195,996,591,1,Toyota Camry Sedan 2012,129.1428571
1008730112.jpg,96,50,679,369,1,Toyota Camry Sedan 2012,129.1428571
1008861184.jpg,81,149,556,315,1,Toyota Camry Sedan 2012,129.1428571
1008926720.jpg,56,134,613,329,1,Toyota Camry Sedan 2012,129.1428571
1009385472.jpg,146,130,521,333,1,Toyota Camry Sedan 2012,129.1428571
1009516544.jpg,9,80,624,404,1,Toyota Camry Sedan 2012,129.1428571
1010106368.jpg,62,55,582,401,1,Toyota Camry Sedan 2012,129.1428571
1010761728.jpg,18,94,397,300,1,Toyota Corolla Sedan 2012,129.1428571
1011089408.jpg,74,84,963,567,1,Toyota Corolla Sedan 2012,129.1428571
1011417088.jpg,60,67,582,398,1,Toyota Corolla Sedan 2012,129.1428571
1011548160.jpg,67,29,253,181,1,Toyota Corolla Sedan 2012,129.1428571
1011810304.jpg,45,74,522,253,1,Toyota Corolla Sedan 2012,129.1428571
1013055488.jpg,76,178,353,328,1,Toyota Corolla Sedan 2012,129.1428571
1013121024.jpg,95,89,932,673,1,Toyota Corolla Sedan 2012,129.1428571
1013252096.jpg,17,14,587,434,1,Toyota Corolla Sedan 2012,129.1428571
1013972992.jpg,15,9,382,202,1,Toyota Corolla Sedan 2012,129.1428571
1014431744.jpg,17,37,544,290,1,Toyota Corolla Sedan 2012,129.1428571
1014693888.jpg,19,35,618,366,1,Toyota Corolla Sedan 2012,129.1428571
1014956032.jpg,9,39,256,157,1,Toyota Corolla Sedan 2012,129.1428571
1033109504.jpg,63,113,597,413,1,Volkswagen Beetle Hatchback 2012,162.8896321
1033633792.jpg,39,77,588,396,1,Volkswagen Beetle Hatchback 2012,162.8896321
1033699328.jpg,163,229,1033,651,1,Volkswagen Beetle Hatchback 2012,162.8896321
1033764864.jpg,297,346,995,584,1,Volkswagen Beetle Hatchback 2012,162.8896321
1034092544.jpg,247,287,1366,761,1,Volkswagen Beetle Hatchback 2012,162.8896321
1034682368.jpg,333,281,2021,1485,1,Volkswagen Beetle Hatchback 2012,162.8896321
1034747904.jpg,54,74,1391,934,1,Volkswagen Beetle Hatchback 2012,162.8896321
1034878976.jpg,41,175,614,399,1,Volkswagen Beetle Hatchback 2012,162.8896321
1035337728.jpg,49,40,591,369,1,Volkswagen Beetle Hatchback 2012,162.8896321
1036386304.jpg,126,462,1375,1007,1,Volkswagen Beetle Hatchback 2012,162.8896321
1036845056.jpg,129,311,924,657,1,Volkswagen Beetle Hatchback 2012,162.8896321
1037107200.jpg,162,174,563,431,1,Volkswagen Beetle Hatchback 2012,162.8896321
1038024704.jpg,41,105,1484,1041,1,Volkswagen Beetle Hatchback 2012,162.8896321
1038090240.jpg,185,461,2198,1690,1,Volkswagen Beetle Hatchback 2012,162.8896321
1038745600.jpg,12,89,453,353,1,Volvo C30 Hatchback 2012,134
1038811136.jpg,36,51,817,531,1,Volvo C30 Hatchback 2012,134
1038942208.jpg,45,39,419,272,1,Volvo C30 Hatchback 2012,134
1039007744.jpg,155,21,763,360,1,Volvo C30 Hatchback 2012,134
1039728640.jpg,199,192,908,617,1,Volvo C30 Hatchback 2012,134
1039794176.jpg,70,39,940,742,1,Volvo C30 Hatchback 2012,134
1039925248.jpg,135,253,1115,817,1,Volvo C30 Hatchback 2012,134
1040318464.jpg,140,55,572,300,1,Volvo C30 Hatchback 2012,134
1040842752.jpg,32,128,423,287,1,Volvo C30 Hatchback 2012,134
1041170432.jpg,65,478,1514,989,1,Volvo C30 Hatchback 2012,134
1041825792.jpg,19,23,455,239,1,Volvo C30 Hatchback 2012,134
1042350080.jpg,33,116,683,502,1,Volvo C30 Hatchback 2012,134
1042612224.jpg,9,157,498,357,1,Volvo C30 Hatchback 2012,134
1042808832.jpg,93,93,953,635,1,Volvo C30 Hatchback 2012,134
1043136512.jpg,27,122,702,399,1,Volvo C30 Hatchback 2012,134
1043267584.jpg,66,91,625,380,1,Volvo C30 Hatchback 2012,134
1043398656.jpg,41,11,634,262,1,Volvo C30 Hatchback 2012,134
1043595264.jpg,170,154,650,424,1,Volvo C30 Hatchback 2012,134
1043726336.jpg,195,232,1760,1153,1,Volvo C30 Hatchback 2012,134
1043988480.jpg,6,128,448,341,1,Volvo 240 Sedan 1993,350
1044119552.jpg,42,111,777,562,1,Volvo 240 Sedan 1993,350
1046020096.jpg,96,159,427,329,1,Volvo 240 Sedan 1993,350
1046675456.jpg,55,167,769,406,1,Volvo 240 Sedan 1993,350
1046937600.jpg,7,114,551,286,1,Volvo 240 Sedan 1993,350
1047199744.jpg,20,51,570,416,1,Volvo 240 Sedan 1993,350
1047592960.jpg,139,72,553,409,1,Volvo 240 Sedan 1993,350
1048510464.jpg,18,81,485,334,1,Volvo 240 Sedan 1993,350
1048576.jpg,12,16,117,71,1,AM General Hummer SUV 2000,650
1049624576.jpg,168,287,948,671,1,Volvo 240 Sedan 1993,350
1049690112.jpg,13,122,633,381,1,Volvo 240 Sedan 1993,350
1049886720.jpg,17,12,275,183,1,Volvo XC90 SUV 2007,212.539749
1050804224.jpg,65,92,606,420,1,Volvo XC90 SUV 2007,212.539749
1050869760.jpg,41,52,757,490,1,Volvo XC90 SUV 2007,212.539749
1051590656.jpg,147,156,721,496,1,Volvo XC90 SUV 2007,212.539749
1052573696.jpg,28,2,608,423,1,Volvo XC90 SUV 2007,212.539749
1052966912.jpg,178,160,729,519,1,Volvo XC90 SUV 2007,212.539749
1053360128.jpg,31,88,238,171,1,Volvo XC90 SUV 2007,212.539749
1053556736.jpg,15,93,608,408,1,Volvo XC90 SUV 2007,212.539749
1053949952.jpg,130,295,1495,1063,1,Volvo XC90 SUV 2007,212.539749
1054081024.jpg,14,49,252,185,1,Volvo XC90 SUV 2007,212.539749
1065809704100.jpg,0,0,0,0,0,,0
107610112.jpg,76,264,730,526,1,Audi S5 Convertible 2012,153.5335689
108396544.jpg,12,58,260,178,1,Audi S5 Convertible 2012,153.5335689
1086235578.jpg,0,0,0,0,0,,0
108855296.jpg,180,22,519,229,1,Audi S5 Convertible 2012,153.5335689
108920832.jpg,21,243,617,422,1,Audi S5 Convertible 2012,153.5335689
108986368.jpg,88,298,717,514,1,Audi S5 Convertible 2012,153.5335689
109314048.jpg,28,84,433,288,1,Audi S5 Convertible 2012,153.5335689
109772800.jpg,38,89,379,281,1,Audi S5 Convertible 2012,153.5335689
10985636113.jpg,0,0,0,0,0,,0
109969408.jpg,64,130,554,341,1,Audi S5 Convertible 2012,153.5335689
110564907002.jpg,0,0,0,0,0,,0
110624768.jpg,359,44,743,440,1,Audi S5 Convertible 2012,153.5335689
110690304.jpg,82,322,1210,726,1,Audi S5 Convertible 2012,153.5335689
111017984.jpg,67,43,573,338,1,Audi S5 Convertible 2012,153.5335689
111673344.jpg,63,140,610,395,1,Audi S5 Convertible 2012,153.5335689
111935488.jpg,26,55,271,186,1,Audi S5 Convertible 2012,153.5335689
112394240.jpg,143,72,1050,911,1,Audi S5 Convertible 2012,153.5335689
112852992.jpg,19,31,566,395,1,Audi S5 Coupe 2012,153.5335689
113180672.jpg,53,60,224,152,1,Audi S5 Coupe 2012,153.5335689
113311744.jpg,3,47,500,282,1,Audi S5 Coupe 2012,153.5335689
113573888.jpg,26,116,485,308,1,Audi S5 Coupe 2012,153.5335689
113639424.jpg,37,460,1901,1066,1,Audi S5 Coupe 2012,153.5335689
113764023.jpg,0,0,0,0,0,,0
114294784.jpg,29,141,749,397,1,Audi S5 Coupe 2012,153.5335689
114425856.jpg,36,146,558,342,1,Audi S5 Coupe 2012,153.5335689
114753536.jpg,51,157,994,606,1,Audi S5 Coupe 2012,153.5335689
114884608.jpg,26,66,559,286,1,Audi S5 Coupe 2012,153.5335689
1151484.jpg,0,0,0,0,0,,0
115277824.jpg,83,148,562,363,1,Audi S5 Coupe 2012,153.5335689
115408896.jpg,106,73,805,546,1,Audi S5 Coupe 2012,153.5335689
115998720.jpg,101,185,976,594,1,Audi S5 Coupe 2012,153.5335689
117112832.jpg,13,40,626,426,1,Audi S5 Coupe 2012,153.5335689
123863040.jpg,32,11,456,307,1,Audi S4 Sedan 2007,220.6021978
124125184.jpg,61,72,302,249,1,Audi S4 Sedan 2007,220.6021978
124190720.jpg,86,44,547,275,1,Audi S4 Sedan 2007,220.6021978
1245184.jpg,86,81,371,252,1,AM General Hummer SUV 2000,650
124846080.jpg,21,34,482,285,1,Audi S4 Sedan 2007,220.6021978
125763584.jpg,17,41,465,293,1,Audi S4 Sedan 2007,220.6021978
125894656.jpg,106,187,509,406,1,Audi S4 Sedan 2007,220.6021978
126681088.jpg,37,8,380,290,1,Audi S4 Sedan 2007,220.6021978
1269251623.jpg,0,0,0,0,0,,0
127008768.jpg,87,90,521,369,1,Audi S4 Sedan 2007,220.6021978
127336448.jpg,1,1,1018,1368,1,Audi S4 Sedan 2007,220.6021978
127533056.jpg,108,172,860,530,1,Audi S4 Sedan 2007,220.6021978
127729664.jpg,201,241,1287,884,1,Audi S4 Sedan 2007,220.6021978
12775774.jpg,0,0,0,0,0,,0
127991808.jpg,9,12,345,192,1,Audi S4 Sedan 2007,220.6021978
128057344.jpg,15,47,286,158,1,Audi S4 Sedan 2007,220.6021978
128450560.jpg,15,85,544,341,1,Audi S4 Sedan 2007,220.6021978
129105920.jpg,62,74,614,402,1,Audi S4 Sedan 2007,220.6021978
129433600.jpg,28,170,986,723,1,Audi S4 Sedan 2007,220.6021978
130258066.jpg,0,0,0,0,0,,0
1306383.jpg,0,0,0,0,0,,0
1310720.jpg,26,32,677,418,1,AM General Hummer SUV 2000,650
131137536.jpg,40,6,264,180,1,Audi TT RS Coupe 2012,153.5335689
131203072.jpg,112,190,697,483,1,Audi TT RS Coupe 2012,153.5335689
131334144.jpg,9,28,300,213,1,Audi TT RS Coupe 2012,153.5335689
132317184.jpg,188,207,1758,982,1,Audi TT RS Coupe 2012,153.5335689
132448256.jpg,130,85,540,338,1,Audi TT RS Coupe 2012,153.5335689
133038080.jpg,17,139,484,335,1,Audi TT RS Coupe 2012,153.5335689
133064605.jpg,0,0,0,0,0,,0
133300224.jpg,31,132,612,372,1,Audi TT RS Coupe 2012,153.5335689
133693440.jpg,94,111,293,192,1,Audi TT RS Coupe 2012,153.5335689
133955584.jpg,8,15,299,133,1,Audi TT RS Coupe 2012,153.5335689
134152192.jpg,25,5,258,183,1,Audi TT RS Coupe 2012,153.5335689
135135232.jpg,210,382,1134,716,1,BMW ActiveHybrid 5 Sedan 2012,169.8167539
135200768.jpg,27,112,576,294,1,BMW ActiveHybrid 5 Sedan 2012,169.8167539
13547521818.jpg,0,0,0,0,0,,0
13549084.jpg,0,0,0,0,0,,0
135636992.jpg,0,0,0,0,0,,0
135659520.jpg,121,108,655,387,1,BMW ActiveHybrid 5 Sedan 2012,169.8167539
135889964.jpg,0,0,0,0,0,,0
135987200.jpg,44,170,605,342,1,BMW ActiveHybrid 5 Sedan 2012,169.8167539
136118272.jpg,77,184,452,399,1,BMW ActiveHybrid 5 Sedan 2012,169.8167539
136183808.jpg,5,56,495,210,1,BMW ActiveHybrid 5 Sedan 2012,169.8167539
136511488.jpg,40,46,539,324,1,BMW ActiveHybrid 5 Sedan 2012,169.8167539
136577024.jpg,192,135,647,437,1,BMW ActiveHybrid 5 Sedan 2012,169.8167539
136773632.jpg,37,82,594,380,1,BMW ActiveHybrid 5 Sedan 2012,169.8167539
136839168.jpg,79,76,490,380,1,BMW ActiveHybrid 5 Sedan 2012,169.8167539
136970240.jpg,43,144,532,328,1,BMW ActiveHybrid 5 Sedan 2012,169.8167539
137494528.jpg,91,156,790,510,1,BMW ActiveHybrid 5 Sedan 2012,169.8167539
1376256.jpg,50,127,587,396,1,AM General Hummer SUV 2000,650
137822208.jpg,62,108,549,293,1,BMW ActiveHybrid 5 Sedan 2012,169.8167539
138543104.jpg,32,42,468,308,1,BMW ActiveHybrid 5 Sedan 2012,169.8167539
139395072.jpg,8,77,500,268,1,BMW 1 Series Convertible 2012,169.1666667
139722752.jpg,364,372,953,820,1,BMW 1 Series Convertible 2012,169.1666667
140050432.jpg,32,97,462,303,1,BMW 1 Series Convertible 2012,169.1666667
140115968.jpg,18,89,626,416,1,BMW 1 Series Convertible 2012,169.1666667
140181504.jpg,28,8,498,342,1,BMW 1 Series Convertible 2012,169.1666667
140312576.jpg,34,39,343,246,1,BMW 1 Series Convertible 2012,169.1666667
140902400.jpg,10,1,576,261,1,BMW 1 Series Convertible 2012,169.1666667
140967936.jpg,24,46,607,242,1,BMW 1 Series Convertible 2012,169.1666667
141099008.jpg,24,108,251,190,1,BMW 1 Series Convertible 2012,169.1666667
1414442407.jpg,0,0,0,0,0,,0
141688832.jpg,15,106,466,256,1,BMW 1 Series Convertible 2012,169.1666667
1420606.jpg,0,0,0,0,0,,0
142147584.jpg,18,88,282,180,1,BMW 1 Series Convertible 2012,169.1666667
142737408.jpg,26,81,424,301,1,BMW 1 Series Convertible 2012,169.1666667
143654912.jpg,6,72,518,294,1,BMW 1 Series Convertible 2012,169.1666667
1441792.jpg,6,9,124,89,1,AM General Hummer SUV 2000,650
144244736.jpg,72,67,233,176,1,BMW 1 Series Coupe 2012,169.8167539
144506880.jpg,49,264,976,669,1,BMW 1 Series Coupe 2012,169.8167539
14469913749.jpg,0,0,0,0,0,,0
145031168.jpg,27,19,727,298,1,BMW 1 Series Coupe 2012,169.8167539
145096704.jpg,10,4,348,165,1,BMW 1 Series Coupe 2012,169.8167539
145424384.jpg,31,2,357,176,1,BMW 1 Series Coupe 2012,169.8167539
14549860947.jpg,0,0,0,0,0,,0
145817600.jpg,15,108,419,274,1,BMW 1 Series Coupe 2012,169.8167539
146669568.jpg,125,17,541,330,1,BMW 1 Series Coupe 2012,169.8167539
147193856.jpg,34,33,553,306,1,BMW 1 Series Coupe 2012,169.8167539
147521536.jpg,172,107,1133,818,1,BMW 1 Series Coupe 2012,169.8167539
147849216.jpg,73,55,510,371,1,BMW 1 Series Coupe 2012,169.8167539
14795266077.jpg,0,0,0,0,0,,0
148648221885.jpg,0,0,0,0,0,,0
15031918.jpg,0,0,0,0,0,,0
152113503.jpg,0,0,0,0,0,,0
154992640.jpg,196,172,1396,890,1,BMW 3 Series Wagon 2012,169.8167539
155123712.jpg,26,102,633,389,1,BMW 3 Series Wagon 2012,169.8167539
155385856.jpg,32,49,445,302,1,BMW 3 Series Wagon 2012,169.8167539
155779072.jpg,19,533,3220,1953,1,BMW 3 Series Wagon 2012,169.8167539
156106752.jpg,39,113,604,313,1,BMW 3 Series Wagon 2012,169.8167539
156237824.jpg,144,76,831,663,1,BMW 3 Series Wagon 2012,169.8167539
157810688.jpg,21,81,434,262,1,BMW 3 Series Wagon 2012,169.8167539
158269440.jpg,74,114,800,455,1,BMW 3 Series Wagon 2012,169.8167539
15859712.jpg,30,26,589,373,1,Acura TL Type-S 2008,223
15860730.jpg,0,0,0,0,0,,0
159711232.jpg,115,79,346,227,1,BMW 3 Series Wagon 2012,169.8167539
159973376.jpg,24,61,568,299,1,BMW 3 Series Wagon 2012,169.8167539
160038912.jpg,61,128,576,387,1,BMW 3 Series Wagon 2012,169.8167539
16104551839.jpg,0,0,0,0,0,,0
1624181218.jpg,0,0,0,0,0,,0
16252928.jpg,62,149,560,323,1,Acura TL Type-S 2008,223
162777482.jpg,0,0,0,0,0,,0
16318464.jpg,30,152,602,421,1,Acura TL Type-S 2008,223
1637501976.jpg,0,0,0,0,0,,0
16787750661.jpg,0,0,0,0,0,,0
1699620095.jpg,0,0,0,0,0,,0
171442176.jpg,38,14,225,160,1,BMW X6 SUV 2012,169.8167539
171704320.jpg,31,89,296,187,1,BMW X6 SUV 2012,169.8167539
172294144.jpg,80,51,650,409,1,BMW X6 SUV 2012,169.8167539
17235968.jpg,69,8,432,325,1,Acura TL Type-S 2008,223
172368832.jpg,0,0,0,0,0,,0
1735405807595.jpg,0,0,0,0,0,,0
174587904.jpg,117,90,571,436,1,BMW X6 SUV 2012,169.8167539
174653440.jpg,366,201,1956,1299,1,BMW X6 SUV 2012,169.8167539
175046656.jpg,161,58,562,317,1,BMW X6 SUV 2012,169.8167539
17563648.jpg,66,114,597,407,1,Acura TL Type-S 2008,223
175833088.jpg,17,36,638,459,1,BMW X6 SUV 2012,169.8167539
176682734761.jpg,0,0,0,0,0,,0
1810054319.jpg,0,0,0,0,0,,0
183173120.jpg,10,12,783,437,1,BMW M5 Sedan 2010,185.8833922
18350080.jpg,63,106,435,329,1,Acura TL Type-S 2008,223
183566336.jpg,168,88,583,252,1,BMW M5 Sedan 2010,185.8833922
183631872.jpg,23,59,386,247,1,BMW M5 Sedan 2010,185.8833922
184287232.jpg,250,343,1345,994,1,BMW M5 Sedan 2010,185.8833922
184549376.jpg,53,53,569,371,1,BMW M5 Sedan 2010,185.8833922
184877056.jpg,101,160,464,308,1,BMW M5 Sedan 2010,185.8833922
186056704.jpg,158,87,859,589,1,BMW M5 Sedan 2010,185.8833922
186646528.jpg,3,1,291,209,1,BMW M5 Sedan 2010,185.8833922
187236352.jpg,19,36,618,470,1,BMW M5 Sedan 2010,185.8833922
187301888.jpg,20,33,1268,600,1,BMW M5 Sedan 2010,185.8833922
187629568.jpg,82,243,940,579,1,BMW M5 Sedan 2010,185.8833922
18808832.jpg,34,118,555,380,1,Acura TL Type-S 2008,223
18853486027.jpg,0,0,0,0,0,,0
19005440.jpg,18,27,625,436,1,Acura TL Type-S 2008,223
19464192.jpg,55,262,994,602,1,Acura TL Type-S 2008,223
1948110301267.jpg,0,0,0,0,0,,0
19595264.jpg,21,34,472,309,1,Acura TL Type-S 2008,223
20054016.jpg,40,157,482,311,1,Acura TL Type-S 2008,223
20119552.jpg,159,179,1320,780,1,Acura TL Type-S 2008,223
20316160.jpg,32,74,613,368,1,Acura TL Type-S 2008,223
2037590960995.jpg,0,0,0,0,0,,0
20381696.jpg,145,337,1786,1027,1,Acura TL Type-S 2008,223
20421801772.jpg,0,0,0,0,0,,0
204850753289.jpg,0,0,0,0,0,,0
20643840.jpg,69,105,412,280,1,Acura TL Type-S 2008,223
2157806122.jpg,0,0,0,0,0,,0
21648999226.jpg,0,0,0,0,0,,0
220874320.jpg,0,0,0,0,0,,0
22163304121.jpg,0,0,0,0,0,,0
222389991972.jpg,0,0,0,0,0,,0
222797567.jpg,0,0,0,0,0,,0
222887936.jpg,36,89,569,382,1,Bentley Continental GT Coupe 2007,440.5555556
223215616.jpg,34,179,608,381,1,Bentley Continental GT Coupe 2007,440.5555556
223346688.jpg,36,93,521,319,1,Bentley Continental GT Coupe 2007,440.5555556
2234386899.jpg,0,0,0,0,0,,0
223739904.jpg,29,78,534,415,1,Bentley Continental GT Coupe 2007,440.5555556
224002048.jpg,27,103,753,361,1,Bentley Continental GT Coupe 2007,440.5555556
224460800.jpg,2,112,552,372,1,Bentley Continental GT Coupe 2007,440.5555556
224526336.jpg,39,24,498,242,1,Bentley Continental GT Coupe 2007,440.5555556
225116160.jpg,39,193,994,621,1,Bentley Continental GT Coupe 2007,440.5555556
225312768.jpg,35,134,781,431,1,Bentley Continental GT Coupe 2007,440.5555556
225509376.jpg,43,96,561,359,1,Bentley Continental GT Coupe 2007,440.5555556
225705984.jpg,69,59,736,415,1,Bentley Continental GT Coupe 2007,440.5555556
226164736.jpg,65,79,614,374,1,Bentley Continental GT Coupe 2007,440.5555556
226230272.jpg,228,384,944,736,1,Bentley Continental GT Coupe 2007,440.5555556
227082240.jpg,49,202,398,391,1,Bentley Continental GT Coupe 2007,440.5555556
227344384.jpg,30,37,865,549,1,Bentley Continental GT Coupe 2007,440.5555556
227606528.jpg,85,126,571,368,1,Bentley Continental GT Coupe 2007,440.5555556
227672064.jpg,32,205,607,410,1,Bentley Continental GT Coupe 2007,440.5555556
228065280.jpg,32,73,601,343,1,Bentley Continental GT Coupe 2007,440.5555556
22885183823.jpg,0,0,0,0,0,,0
233920542.jpg,0,0,0,0,0,,0
23428609.jpg,0,0,0,0,0,,0
23964700920.jpg,0,0,0,0,0,,0
24068057699.jpg,0,0,0,0,0,,0
2415370870.jpg,0,0,0,0,0,,0
2424832.jpg,6,20,123,88,1,AM General Hummer SUV 2000,650
244908032.jpg,16,31,553,297,1,Buick Regal GS 2012,225
245432320.jpg,70,69,610,391,1,Buick Regal GS 2012,225
245628928.jpg,26,98,372,219,1,Buick Regal GS 2012,225
246687.jpg,0,0,0,0,0,,0
246808576.jpg,63,26,436,296,1,Buick Regal GS 2012,225
246939648.jpg,23,365,529,717,1,Buick Regal GS 2012,225
247529472.jpg,75,15,582,306,1,Buick Regal GS 2012,225
248119296.jpg,50,204,1231,653,1,Buick Regal GS 2012,225
248315904.jpg,46,87,566,346,1,Buick Regal GS 2012,225
248381440.jpg,6,12,390,203,1,Buick Regal GS 2012,225
248709120.jpg,46,160,454,356,1,Buick Regal GS 2012,225
248971264.jpg,48,26,242,167,1,Buick Regal GS 2012,225
24972129176.jpg,0,0,0,0,0,,0
249823232.jpg,88,1,588,316,1,Buick Rainier SUV 2007,300
250609664.jpg,8,195,626,435,1,Buick Rainier SUV 2007,300
250871808.jpg,31,51,635,399,1,Buick Rainier SUV 2007,300
251133952.jpg,31,74,549,384,1,Buick Rainier SUV 2007,300
251658240.jpg,202,181,1513,1120,1,Buick Rainier SUV 2007,300
252051456.jpg,28,7,406,211,1,Buick Rainier SUV 2007,300
252116992.jpg,8,48,252,170,1,Buick Rainier SUV 2007,300
25232528.jpg,0,0,0,0,0,,0
252641280.jpg,1,4,1917,1357,1,Buick Rainier SUV 2007,300
252706816.jpg,8,28,289,139,1,Buick Rainier SUV 2007,300
252968960.jpg,9,44,249,177,1,Buick Rainier SUV 2007,300
25321514817.jpg,0,0,0,0,0,,0
253296640.jpg,165,5,600,260,1,Buick Rainier SUV 2007,300
253952000.jpg,40,17,267,214,1,Buick Rainier SUV 2007,300
25451454593.jpg,0,0,0,0,0,,0
2581050791802.jpg,0,0,0,0,0,,0
2586065669.jpg,0,0,0,0,0,,0
2593791702743.jpg,0,0,0,0,0,,0
262040679683.jpg,0,0,0,0,0,,0
263302881589.jpg,0,0,0,0,0,,0
263343328.jpg,0,0,0,0,0,,0
263694779.jpg,0,0,0,0,0,,0
26667456404.jpg,0,0,0,0,0,,0
26893790657316.jpg,0,0,0,0,0,,0
271581184.jpg,67,44,180,113,1,Cadillac SRX SUV 2012,286.9090909
271777792.jpg,64,123,548,346,1,Cadillac SRX SUV 2012,286.9090909
272201531663505.jpg,0,0,0,0,0,,0
272367616.jpg,2,7,273,133,1,Cadillac SRX SUV 2012,286.9090909
272564224.jpg,111,23,527,315,1,Cadillac SRX SUV 2012,286.9090909
2726669262.jpg,0,0,0,0,0,,0
272826368.jpg,2,21,356,264,1,Cadillac SRX SUV 2012,286.9090909
27385459.jpg,0,0,0,0,0,,0
273874944.jpg,101,208,923,692,1,Cadillac SRX SUV 2012,286.9090909
274399232.jpg,31,58,614,341,1,Cadillac SRX SUV 2012,286.9090909
274464193.jpg,0,0,0,0,0,,0
274661376.jpg,37,86,425,291,1,Cadillac SRX SUV 2012,286.9090909
274726912.jpg,16,51,476,321,1,Cadillac SRX SUV 2012,286.9090909
275578880.jpg,78,147,2338,1610,1,Cadillac SRX SUV 2012,286.9090909
275644416.jpg,86,23,542,324,1,Cadillac SRX SUV 2012,286.9090909
2777940.jpg,0,0,0,0,0,,0
281276427.jpg,0,0,0,0,0,,0
2818048.jpg,28,48,663,302,1,AM General Hummer SUV 2000,650
28330335.jpg,0,0,0,0,0,,0
28485995507.jpg,0,0,0,0,0,,0
292618240.jpg,27,71,423,243,1,Chevrolet Corvette ZR1 2012,293
293011456.jpg,51,49,247,163,1,Chevrolet Corvette ZR1 2012,293
293208064.jpg,3,40,271,157,1,Chevrolet Corvette ZR1 2012,293
293273600.jpg,128,272,1150,785,1,Chevrolet Corvette ZR1 2012,293
293601280.jpg,37,379,1579,1180,1,Chevrolet Corvette ZR1 2012,293
293797888.jpg,28,35,207,139,1,Chevrolet Corvette ZR1 2012,293
293863424.jpg,35,168,959,614,1,Chevrolet Corvette ZR1 2012,293
294060032.jpg,8,56,215,121,1,Chevrolet Corvette ZR1 2012,293
295239680.jpg,90,141,476,274,1,Chevrolet Corvette ZR1 2012,293
295698432.jpg,45,165,732,435,1,Chevrolet Corvette ZR1 2012,293
29581154996.jpg,0,0,0,0,0,,0
296288256.jpg,10,190,792,583,1,Chevrolet Corvette ZR1 2012,293
296353792.jpg,16,39,296,170,1,Chevrolet Corvette ZR1 2012,293
2963583457175.jpg,0,0,0,0,0,,0
296484864.jpg,129,119,516,284,1,Chevrolet Corvette ZR1 2012,293
297009152.jpg,16,45,258,157,1,Chevrolet Corvette ZR1 2012,293
297140224.jpg,30,71,951,689,1,Chevrolet Corvette ZR1 2012,293
297533440.jpg,94,74,456,319,1,Chevrolet Corvette ZR1 2012,293
29757965227.jpg,0,0,0,0,0,,0
297598976.jpg,20,68,269,189,1,Chevrolet Corvette ZR1 2012,293
298057728.jpg,156,228,515,423,1,Chevrolet Corvette ZR1 2012,293
298188800.jpg,7,3,259,181,1,Chevrolet Corvette ZR1 2012,293
298582016.jpg,16,105,447,257,1,Chevrolet Corvette ZR1 2012,293
300052677547.jpg,0,0,0,0,0,,0
3014656.jpg,14,16,268,169,1,AM General Hummer SUV 2000,650
3055791502.jpg,0,0,0,0,0,,0
3072274530636.jpg,0,0,0,0,0,,0
3079147.jpg,0,0,0,0,0,,0
309460992.jpg,109,142,530,323,1,Chevrolet Camaro Convertible 2012,201.7173913
309592064.jpg,29,66,597,228,1,Chevrolet Camaro Convertible 2012,201.7173913
309723136.jpg,129,379,1973,985,1,Chevrolet Camaro Convertible 2012,201.7173913
310181888.jpg,81,241,994,717,1,Chevrolet Camaro Convertible 2012,201.7173913
310444032.jpg,67,167,692,380,1,Chevrolet Camaro Convertible 2012,201.7173913
310706176.jpg,50,55,432,261,1,Chevrolet Camaro Convertible 2012,201.7173913
311427072.jpg,74,97,648,393,1,Chevrolet Camaro Convertible 2012,201.7173913
3118065577.jpg,0,0,0,0,0,,0
311885824.jpg,131,60,447,233,1,Chevrolet Camaro Convertible 2012,201.7173913
312082432.jpg,24,138,617,358,1,Chevrolet Camaro Convertible 2012,201.7173913
312213504.jpg,72,61,541,291,1,Chevrolet Camaro Convertible 2012,201.7173913
312344576.jpg,60,62,288,135,1,Chevrolet Camaro Convertible 2012,201.7173913
312475648.jpg,21,28,282,168,1,Chevrolet Camaro Convertible 2012,201.7173913
313065472.jpg,74,89,553,238,1,Chevrolet Camaro Convertible 2012,201.7173913
313458688.jpg,38,81,496,277,1,Chevrolet Camaro Convertible 2012,201.7173913
314376192.jpg,45,52,353,270,1,Chevrolet Camaro Convertible 2012,201.7173913
3144021498.jpg,0,0,0,0,0,,0
314441728.jpg,40,111,591,362,1,Chevrolet Camaro Convertible 2012,201.7173913
3151701512008.jpg,0,0,0,0,0,,0
315359232.jpg,11,42,249,156,1,Chevrolet HHR SS 2010,150.6153846
315883520.jpg,30,209,1014,589,1,Chevrolet HHR SS 2010,150.6153846
315949056.jpg,26,30,295,147,1,Chevrolet HHR SS 2010,150.6153846
316276736.jpg,1,56,402,251,1,Chevrolet HHR SS 2010,150.6153846
316735488.jpg,39,59,532,261,1,Chevrolet HHR SS 2010,150.6153846
316997632.jpg,21,29,463,290,1,Chevrolet HHR SS 2010,150.6153846
317325312.jpg,25,37,215,138,1,Chevrolet HHR SS 2010,150.6153846
317980672.jpg,17,34,262,145,1,Chevrolet HHR SS 2010,150.6153846
318177280.jpg,30,41,235,153,1,Chevrolet HHR SS 2010,150.6153846
318636032.jpg,35,108,576,314,1,Chevrolet HHR SS 2010,150.6153846
318832640.jpg,84,97,511,380,1,Chevrolet HHR SS 2010,150.6153846
319356928.jpg,20,60,389,232,1,Chevrolet HHR SS 2010,150.6153846
319422464.jpg,41,97,473,350,1,Chevrolet HHR SS 2010,150.6153846
319619072.jpg,9,45,249,176,1,Chevrolet HHR SS 2010,150.6153846
319870684570.jpg,0,0,0,0,0,,0
32374784.jpg,300,221,685,418,1,Acura ZDX Hatchback 2012,225
33115493363.jpg,0,0,0,0,0,,0
33146595568942.jpg,0,0,0,0,0,,0
3322318127.jpg,0,0,0,0,0,,0
3323644041.jpg,0,0,0,0,0,,0
33393057001.jpg,0,0,0,0,0,,0
3346607034.jpg,0,0,0,0,0,,0
33488896.jpg,95,62,402,306,1,Acura ZDX Hatchback 2012,225
33554432.jpg,19,74,381,232,1,Acura ZDX Hatchback 2012,225
33702144285.jpg,0,0,0,0,0,,0
33751040.jpg,4,60,519,283,1,Acura ZDX Hatchback 2012,225
33882112.jpg,82,33,542,234,1,Acura ZDX Hatchback 2012,225
340753764.jpg,0,0,0,0,0,,0
341056103.jpg,0,0,0,0,0,,0
341109493395.jpg,0,0,0,0,0,,0
3430230681.jpg,0,0,0,0,0,,0
346030080.jpg,37,143,988,613,1,Chevrolet Cobalt SS 2010,150.6153846
346554368.jpg,24,148,528,343,1,Chevrolet Cobalt SS 2010,150.6153846
34801201.jpg,0,0,0,0,0,,0
348913664.jpg,22,93,547,372,1,Chevrolet Cobalt SS 2010,150.6153846
349569024.jpg,21,33,1054,452,1,Chevrolet Cobalt SS 2010,150.6153846
349634560.jpg,99,152,616,418,1,Chevrolet Cobalt SS 2010,150.6153846
35031826446.jpg,0,0,0,0,0,,0
350355456.jpg,44,147,860,590,1,Chevrolet Cobalt SS 2010,150.6153846
350552064.jpg,17,39,461,231,1,Chevrolet Cobalt SS 2010,150.6153846
350617600.jpg,48,155,589,362,1,Chevrolet Cobalt SS 2010,150.6153846
35170213205.jpg,0,0,0,0,0,,0
3538944.jpg,5,9,87,61,1,AM General Hummer SUV 2000,650
3551033358.jpg,0,0,0,0,0,,0
35651584.jpg,10,42,621,362,1,Acura ZDX Hatchback 2012,225
356515840.jpg,66,138,751,517,1,Chevrolet TrailBlazer SS 2009,161.5714286
356777984.jpg,5,5,303,158,1,Chevrolet TrailBlazer SS 2009,161.5714286
357236736.jpg,40,184,702,493,1,Chevrolet TrailBlazer SS 2009,161.5714286
358088704.jpg,143,114,546,374,1,Chevrolet TrailBlazer SS 2009,161.5714286
358940672.jpg,172,195,959,564,1,Chevrolet TrailBlazer SS 2009,161.5714286
359149148.jpg,0,0,0,0,0,,0
359530496.jpg,114,93,387,280,1,Chevrolet TrailBlazer SS 2009,161.5714286
359661568.jpg,27,123,619,359,1,Chevrolet TrailBlazer SS 2009,161.5714286
360054784.jpg,8,85,627,373,1,Chevrolet TrailBlazer SS 2009,161.5714286
36044800.jpg,67,85,541,307,1,Acura ZDX Hatchback 2012,225
36049834.jpg,0,0,0,0,0,,0
360841216.jpg,199,120,836,642,1,Chevrolet TrailBlazer SS 2009,161.5714286
360906752.jpg,30,1,234,127,1,Chevrolet TrailBlazer SS 2009,161.5714286
361103360.jpg,110,164,967,571,1,Chevrolet TrailBlazer SS 2009,161.5714286
3617717.jpg,0,0,0,0,0,,0
3617932976.jpg,0,0,0,0,0,,0
36503552.jpg,86,142,520,349,1,Acura ZDX Hatchback 2012,225
366246598.jpg,0,0,0,0,0,,0
36696885144.jpg,0,0,0,0,0,,0
367067136.jpg,2,1,259,194,1,Chevrolet Silverado 1500 Classic Extended Cab 2007,190.6631579
36777602.jpg,0,0,0,0,0,,0
368050176.jpg,15,43,271,198,1,Chevrolet Silverado 1500 Classic Extended Cab 2007,190.6631579
368246784.jpg,12,41,246,186,1,Chevrolet Silverado 1500 Classic Extended Cab 2007,190.6631579
369491968.jpg,30,119,566,429,1,Chevrolet Silverado 1500 Classic Extended Cab 2007,190.6631579
36962304.jpg,112,30,486,329,1,Acura ZDX Hatchback 2012,225
370081792.jpg,15,6,306,157,1,Chevrolet Silverado 1500 Classic Extended Cab 2007,190.6631579
370671616.jpg,11,144,473,301,1,Chevrolet Silverado 1500 Classic Extended Cab 2007,190.6631579
371130368.jpg,7,226,1022,767,1,Chevrolet Silverado 1500 Classic Extended Cab 2007,190.6631579
371261440.jpg,5,29,297,150,1,Chevrolet Silverado 1500 Classic Extended Cab 2007,190.6631579
371458048.jpg,31,109,603,463,1,Chevrolet Silverado 1500 Classic Extended Cab 2007,190.6631579
371720192.jpg,29,70,478,315,1,Chevrolet Silverado 1500 Classic Extended Cab 2007,190.6631579
371856338.jpg,0,0,0,0,0,,0
372768768.jpg,12,7,289,232,1,Chevrolet Express Van 2007,190.6631579
373030912.jpg,65,83,420,305,1,Chevrolet Express Van 2007,190.6631579
3735552.jpg,87,6,552,348,1,AM General Hummer SUV 2000,650
373751808.jpg,15,1,379,221,1,Chevrolet Express Van 2007,190.6631579
374931456.jpg,68,1,560,419,1,Chevrolet Express Van 2007,190.6631579
375652352.jpg,49,114,615,471,1,Chevrolet Express Van 2007,190.6631579
375980032.jpg,69,5,892,747,1,Chevrolet Express Van 2007,190.6631579
376255900782.jpg,0,0,0,0,0,,0
376373248.jpg,25,6,447,200,1,Chevrolet Express Van 2007,190.6631579
3764114868.jpg,0,0,0,0,0,,0
37654213.jpg,0,0,0,0,0,,0
37712473293.jpg,0,0,0,0,0,,0
3781318762.jpg,0,0,0,0,0,,0
3784192469.jpg,0,0,0,0,0,,0
37886578305.jpg,0,0,0,0,0,,0
379958796556.jpg,0,0,0,0,0,,0
38120748.jpg,0,0,0,0,0,,0
38273024.jpg,63,175,417,320,1,Aston Martin V8 Vantage Convertible 2012,339.25
3830711119.jpg,0,0,0,0,0,,0
383254528.jpg,26,81,615,365,1,Chevrolet Malibu Sedan 2007,190.6631579
385024000.jpg,1,66,700,480,1,Chevrolet Malibu Sedan 2007,190.6631579
38584551564.jpg,0,0,0,0,0,,0
386269184.jpg,16,78,310,203,1,Chevrolet Malibu Sedan 2007,190.6631579
386531328.jpg,37,3,383,283,1,Chevrolet Malibu Sedan 2007,190.6631579
38666240.jpg,25,118,319,232,1,Aston Martin V8 Vantage Convertible 2012,339.25
3869705792.jpg,0,0,0,0,0,,0
387448832.jpg,83,41,245,157,1,Chevrolet Malibu Sedan 2007,190.6631579
387907584.jpg,68,120,567,387,1,Chevrolet Malibu Sedan 2007,190.6631579
388300800.jpg,75,38,329,247,1,Chevrolet Malibu Sedan 2007,190.6631579
388890624.jpg,12,151,615,362,1,Chevrolet Silverado 1500 Extended Cab 2012,201.7173913
389125932.jpg,0,0,0,0,0,,0
389283840.jpg,8,28,253,178,1,Chevrolet Silverado 1500 Extended Cab 2012,201.7173913
389349376.jpg,45,116,547,393,1,Chevrolet Silverado 1500 Extended Cab 2012,201.7173913
389414912.jpg,62,105,980,656,1,Chevrolet Silverado 1500 Extended Cab 2012,201.7173913
390256282911.jpg,0,0,0,0,0,,0
390594560.jpg,39,116,353,250,1,Chevrolet Silverado 1500 Extended Cab 2012,201.7173913
390660096.jpg,74,50,315,157,1,Chevrolet Silverado 1500 Extended Cab 2012,201.7173913
390725632.jpg,23,64,274,195,1,Chevrolet Silverado 1500 Extended Cab 2012,201.7173913
390791168.jpg,25,96,637,399,1,Chevrolet Silverado 1500 Extended Cab 2012,201.7173913
39190528.jpg,18,36,263,146,1,Aston Martin V8 Vantage Convertible 2012,339.25
391905280.jpg,7,21,294,138,1,Chevrolet Silverado 1500 Extended Cab 2012,201.7173913
392298496.jpg,32,103,999,658,1,Chevrolet Silverado 1500 Extended Cab 2012,201.7173913
392429568.jpg,17,75,273,196,1,Chevrolet Silverado 1500 Extended Cab 2012,201.7173913
392888320.jpg,1,15,253,123,1,Chevrolet Silverado 1500 Extended Cab 2012,201.7173913
39306125699.jpg,0,0,0,0,0,,0
393281536.jpg,25,56,233,147,1,Chevrolet Silverado 1500 Extended Cab 2012,201.7173913
393609216.jpg,9,34,431,187,1,Chevrolet Silverado 1500 Extended Cab 2012,201.7173913
394133504.jpg,24,192,1021,532,1,Chevrolet Silverado 1500 Extended Cab 2012,201.7173913
39714816.jpg,27,21,626,433,1,Aston Martin V8 Vantage Convertible 2012,339.25
398518906.jpg,0,0,0,0,0,,0
3997696.jpg,31,12,270,160,1,AM General Hummer SUV 2000,650
4009755571.jpg,0,0,0,0,0,,0
40370176.jpg,31,35,236,162,1,Aston Martin V8 Vantage Convertible 2012,339.25
404540696.jpg,0,0,0,0,0,,0
4063232.jpg,4,13,145,109,1,AM General Hummer SUV 2000,650
4078196677.jpg,0,0,0,0,0,,0
41091072.jpg,45,161,596,366,1,Aston Martin V8 Vantage Convertible 2012,339.25
41453144506.jpg,0,0,0,0,0,,0
41484288.jpg,40,106,547,372,1,Aston Martin V8 Vantage Convertible 2012,339.25
41549824.jpg,16,73,239,138,1,Aston Martin V8 Vantage Convertible 2012,339.25
41615360.jpg,19,68,282,203,1,Aston Martin V8 Vantage Convertible 2012,339.25
416153600.jpg,432,174,804,348,1,Chrysler 300 SRT-8 2010,232.75
416546816.jpg,18,29,779,588,1,Chrysler 300 SRT-8 2010,232.75
416612352.jpg,27,272,627,462,1,Chrysler 300 SRT-8 2010,232.75
416677888.jpg,28,235,1022,583,1,Chrysler 300 SRT-8 2010,232.75
41680896.jpg,174,211,904,770,1,Aston Martin V8 Vantage Convertible 2012,339.25
417005568.jpg,17,48,859,396,1,Chrysler 300 SRT-8 2010,232.75
417267712.jpg,23,33,626,393,1,Chrysler 300 SRT-8 2010,232.75
417923072.jpg,14,117,617,383,1,Chrysler 300 SRT-8 2010,232.75
417988608.jpg,28,155,860,403,1,Chrysler 300 SRT-8 2010,232.75
418381824.jpg,226,481,1531,1126,1,Chrysler 300 SRT-8 2010,232.75
418447360.jpg,84,150,1029,616,1,Chrysler 300 SRT-8 2010,232.75
418709504.jpg,95,174,1215,770,1,Chrysler 300 SRT-8 2010,232.75
41877504.jpg,27,46,389,292,1,Aston Martin V8 Vantage Convertible 2012,339.25
418906112.jpg,221,577,1736,1340,1,Chrysler 300 SRT-8 2010,232.75
419299328.jpg,211,500,1721,1060,1,Chrysler 300 SRT-8 2010,232.75
419485504.jpg,0,0,0,0,0,,0
420788386.jpg,0,0,0,0,0,,0
420937728.jpg,130,64,652,466,1,Chrysler 300 SRT-8 2010,232.75
421134336.jpg,85,48,590,427,1,Chrysler 300 SRT-8 2010,232.75
4222097685.jpg,0,0,0,0,0,,0
422445056.jpg,10,52,251,132,1,Chrysler Crossfire Convertible 2008,233.5
422510592.jpg,26,30,271,111,1,Chrysler Crossfire Convertible 2008,233.5
422707200.jpg,1,87,629,404,1,Chrysler Crossfire Convertible 2008,233.5
422772736.jpg,4,13,189,132,1,Chrysler Crossfire Convertible 2008,233.5
4230635542.jpg,0,0,0,0,0,,0
423231488.jpg,33,150,613,401,1,Chrysler Crossfire Convertible 2008,233.5
4234499155.jpg,0,0,0,0,0,,0
423690240.jpg,38,59,597,452,1,Chrysler Crossfire Convertible 2008,233.5
42467328.jpg,4,84,424,264,1,Aston Martin V8 Vantage Convertible 2012,339.25
424869888.jpg,110,185,832,608,1,Chrysler Crossfire Convertible 2008,233.5
425000960.jpg,1,343,1007,757,1,Chrysler Crossfire Convertible 2008,233.5
4259840.jpg,28,117,415,274,1,AM General Hummer SUV 2000,650
42602917843.jpg,0,0,0,0,0,,0
426377216.jpg,39,103,400,288,1,Chrysler Crossfire Convertible 2008,233.5
426573824.jpg,9,34,286,184,1,Chrysler Crossfire Convertible 2008,233.5
42663936.jpg,19,69,525,310,1,Aston Martin V8 Vantage Convertible 2012,339.25
426704896.jpg,34,158,481,414,1,Chrysler Crossfire Convertible 2008,233.5
42674457086.jpg,0,0,0,0,0,,0
426967040.jpg,45,151,481,347,1,Chrysler Crossfire Convertible 2008,233.5
427032576.jpg,51,36,371,233,1,Chrysler Crossfire Convertible 2008,233.5
42729472.jpg,58,160,661,442,1,Aston Martin V8 Vantage Convertible 2012,339.25
427556864.jpg,38,121,587,386,1,Chrysler Crossfire Convertible 2008,233.5
427622400.jpg,37,34,222,153,1,Chrysler Crossfire Convertible 2008,233.5
427866837.jpg,0,0,0,0,0,,0
42795008.jpg,87,101,629,375,1,Aston Martin V8 Vantage Convertible 2012,339.25
427950080.jpg,20,141,635,401,1,Chrysler PT Cruiser Convertible 2008,233.5
428212224.jpg,138,38,559,294,1,Chrysler PT Cruiser Convertible 2008,233.5
428539904.jpg,9,19,542,386,1,Chrysler PT Cruiser Convertible 2008,233.5
42860544.jpg,31,141,394,317,1,Aston Martin V8 Vantage Convertible 2012,339.25
428802048.jpg,28,34,1022,756,1,Chrysler PT Cruiser Convertible 2008,233.5
429005307.jpg,0,0,0,0,0,,0
42926080.jpg,23,107,313,326,1,Aston Martin V8 Vantage Convertible 2012,339.25
429391872.jpg,24,125,636,440,1,Chrysler PT Cruiser Convertible 2008,233.5
429719552.jpg,10,7,964,491,1,Chrysler PT Cruiser Convertible 2008,233.5
430637056.jpg,109,45,527,401,1,Chrysler PT Cruiser Convertible 2008,233.5
431161344.jpg,36,60,618,446,1,Chrysler PT Cruiser Convertible 2008,233.5
431292416.jpg,37,155,617,470,1,Chrysler PT Cruiser Convertible 2008,233.5
431489024.jpg,61,34,602,440,1,Chrysler PT Cruiser Convertible 2008,233.5
431685632.jpg,10,199,1597,1108,1,Chrysler PT Cruiser Convertible 2008,233.5
431751168.jpg,103,505,1438,1069,1,Chrysler PT Cruiser Convertible 2008,233.5
43184169260.jpg,0,0,0,0,0,,0
43188224.jpg,8,68,256,194,1,Aston Martin V8 Vantage Convertible 2012,339.25
432013312.jpg,64,256,976,587,1,Chrysler PT Cruiser Convertible 2008,233.5
432537600.jpg,20,110,611,377,1,Chrysler PT Cruiser Convertible 2008,233.5
433061888.jpg,23,65,629,452,1,Chrysler PT Cruiser Convertible 2008,233.5
433258496.jpg,89,326,1203,778,1,Chrysler PT Cruiser Convertible 2008,233.5
43450368.jpg,19,74,624,267,1,Aston Martin V8 Vantage Coupe 2012,339.25
4359062878.jpg,0,0,0,0,0,,0
437049.jpg,0,0,0,0,0,,0
4398832506.jpg,0,0,0,0,0,,0
441057280.jpg,180,117,500,362,1,Dodge Caliber Wagon 2012,225
441581568.jpg,26,90,376,243,1,Dodge Caliber Wagon 2012,225
44171264.jpg,30,217,759,522,1,Aston Martin V8 Vantage Coupe 2012,339.25
441833950866.jpg,0,0,0,0,0,,0
441974784.jpg,20,21,409,278,1,Dodge Caliber Wagon 2012,225
44236800.jpg,13,97,1576,952,1,Aston Martin V8 Vantage Coupe 2012,339.25
442499072.jpg,25,20,233,152,1,Dodge Caliber Wagon 2012,225
443088896.jpg,8,20,256,177,1,Dodge Caliber Wagon 2012,225
443154432.jpg,28,73,392,247,1,Dodge Caliber Wagon 2012,225
443613184.jpg,64,103,283,201,1,Dodge Caliber Wagon 2012,225
44367872.jpg,53,169,582,389,1,Aston Martin V8 Vantage Coupe 2012,339.25
444071936.jpg,16,59,241,177,1,Dodge Caliber Wagon 2012,225
444137472.jpg,36,49,238,151,1,Dodge Caliber Wagon 2012,225
44433408.jpg,105,88,252,156,1,Aston Martin V8 Vantage Coupe 2012,339.25
444399616.jpg,18,73,633,410,1,Dodge Caliber Wagon 2012,225
444530688.jpg,25,120,615,361,1,Dodge Caliber Wagon 2012,225
444727296.jpg,13,20,620,449,1,Dodge Caliber Wagon 2012,225
44498944.jpg,21,45,281,133,1,Aston Martin V8 Vantage Coupe 2012,339.25
444989440.jpg,8,10,300,215,1,Dodge Caliber Wagon 2012,225
4454641.jpg,0,0,0,0,0,,0
446103552.jpg,16,52,380,280,1,Dodge Caliber Wagon 2007,232.6296296
446562304.jpg,31,20,592,352,1,Dodge Caliber Wagon 2007,232.6296296
446693376.jpg,4,30,279,186,1,Dodge Caliber Wagon 2007,232.6296296
447610880.jpg,47,125,687,471,1,Dodge Caliber Wagon 2007,232.6296296
448397312.jpg,6,24,198,109,1,Dodge Caliber Wagon 2007,232.6296296
4488526060.jpg,0,0,0,0,0,,0
448921600.jpg,8,107,699,475,1,Dodge Caliber Wagon 2007,232.6296296
44912654508582.jpg,0,0,0,0,0,,0
449511424.jpg,9,45,234,157,1,Dodge Caliber Wagon 2007,232.6296296
449773568.jpg,30,24,229,178,1,Dodge Caliber Wagon 2007,232.6296296
4498095054.jpg,0,0,0,0,0,,0
449904640.jpg,8,35,346,214,1,Dodge Caliber Wagon 2007,232.6296296
45088768.jpg,27,65,567,361,1,Aston Martin V8 Vantage Coupe 2012,339.25
4517901661.jpg,0,0,0,0,0,,0
45219840.jpg,8,33,195,119,1,Aston Martin V8 Vantage Coupe 2012,339.25
45764871517.jpg,0,0,0,0,0,,0
4580161.jpg,0,0,0,0,0,,0
46006272.jpg,11,48,491,237,1,Aston Martin V8 Vantage Coupe 2012,339.25
462597199.jpg,0,0,0,0,0,,0
46298018181.jpg,0,0,0,0,0,,0
46399488.jpg,137,186,543,351,1,Aston Martin V8 Vantage Coupe 2012,339.25
46465024.jpg,70,179,388,305,1,Aston Martin V8 Vantage Coupe 2012,339.25
467792367.jpg,0,0,0,0,0,,0
470007.jpg,0,0,0,0,0,,0
47054848.jpg,52,42,212,173,1,Aston Martin V8 Vantage Coupe 2012,339.25
4728003242.jpg,0,0,0,0,0,,0
47429910282773.jpg,0,0,0,0,0,,0
477197875231.jpg,0,0,0,0,0,,0
47807175652.jpg,0,0,0,0,0,,0
480356748.jpg,0,0,0,0,0,,0
48037888.jpg,25,60,270,166,1,Aston Martin V8 Vantage Coupe 2012,339.25
48065555261.jpg,0,0,0,0,0,,0
48103424.jpg,5,45,300,176,1,Aston Martin V8 Vantage Coupe 2012,339.25
482050018888.jpg,0,0,0,0,0,,0
48431104.jpg,91,59,520,386,1,Aston Martin V8 Vantage Coupe 2012,339.25
48496640.jpg,23,73,297,202,1,Aston Martin V8 Vantage Coupe 2012,339.25
48758784.jpg,29,21,477,299,1,Aston Martin Virage Convertible 2012,339.25
48820497360.jpg,0,0,0,0,0,,0
489095168.jpg,63,38,429,305,1,Dodge Magnum Wagon 2008,196.5
489357312.jpg,19,34,247,159,1,Dodge Magnum Wagon 2008,196.5
489420336658.jpg,0,0,0,0,0,,0
489947136.jpg,64,20,344,251,1,Dodge Magnum Wagon 2008,196.5
490536960.jpg,8,54,255,135,1,Dodge Magnum Wagon 2008,196.5
490668032.jpg,17,71,384,250,1,Dodge Magnum Wagon 2008,196.5
491126784.jpg,6,61,253,138,1,Dodge Magnum Wagon 2008,196.5
491716608.jpg,95,181,913,877,1,Dodge Magnum Wagon 2008,196.5
491978752.jpg,3,8,253,145,1,Dodge Magnum Wagon 2008,196.5
492503040.jpg,29,38,196,94,1,Dodge Magnum Wagon 2008,196.5
493486080.jpg,10,44,251,175,1,Dodge Magnum Wagon 2008,196.5
494141440.jpg,28,124,493,274,1,Dodge Magnum Wagon 2008,196.5
49676288.jpg,114,67,553,371,1,Aston Martin Virage Convertible 2012,339.25
49885323023.jpg,0,0,0,0,0,,0
4998134776.jpg,0,0,0,0,0,,0
50135040.jpg,57,148,568,363,1,Aston Martin Virage Convertible 2012,339.25
50266112.jpg,92,107,632,416,1,Aston Martin Virage Convertible 2012,339.25
504238873.jpg,0,0,0,0,0,,0
50448268325.jpg,0,0,0,0,0,,0
50462720.jpg,435,304,1008,622,1,Aston Martin Virage Convertible 2012,339.25
505806848.jpg,19,184,886,722,1,Dodge Durango SUV 2007,232.6296296
506055988.jpg,0,0,0,0,0,,0
506068992.jpg,8,6,241,142,1,Dodge Durango SUV 2007,232.6296296
506462208.jpg,32,118,988,709,1,Dodge Durango SUV 2007,232.6296296
506658816.jpg,71,99,607,460,1,Dodge Durango SUV 2007,232.6296296
506855424.jpg,15,25,239,182,1,Dodge Durango SUV 2007,232.6296296
506920960.jpg,9,31,636,443,1,Dodge Durango SUV 2007,232.6296296
507248640.jpg,40,25,567,378,1,Dodge Durango SUV 2007,232.6296296
507379712.jpg,10,4,395,258,1,Dodge Durango SUV 2007,232.6296296
507707392.jpg,26,49,289,186,1,Dodge Durango SUV 2007,232.6296296
507838464.jpg,65,44,821,340,1,Dodge Durango SUV 2007,232.6296296
50790400.jpg,35,105,598,351,1,Aston Martin Virage Convertible 2012,339.25
508821504.jpg,111,78,345,227,1,Dodge Durango SUV 2007,232.6296296
508887040.jpg,24,17,203,124,1,Dodge Durango SUV 2007,232.6296296
509280256.jpg,21,5,331,272,1,Dodge Durango SUV 2007,232.6296296
509476864.jpg,27,16,567,342,1,Dodge Durango SUV 2007,232.6296296
509673472.jpg,15,22,298,197,1,Dodge Durango SUV 2007,232.6296296
509804544.jpg,29,50,397,273,1,Dodge Durango SUV 2007,232.6296296
509870080.jpg,98,119,423,397,1,Dodge Durango SUV 2007,232.6296296
510066688.jpg,5,115,545,338,1,Dodge Durango SUV 2007,232.6296296
510263296.jpg,42,91,613,395,1,Dodge Durango SUV 2007,232.6296296
510656512.jpg,47,77,619,450,1,Dodge Durango SUV 2007,232.6296296
510853120.jpg,91,45,733,451,1,Dodge Durango SUV 2007,232.6296296
511049728.jpg,34,79,749,461,1,Dodge Charger Sedan 2012,225
511115264.jpg,395,414,2378,1721,1,Dodge Charger Sedan 2012,225
511160667821.jpg,0,0,0,0,0,,0
5111808.jpg,25,123,589,421,1,AM General Hummer SUV 2000,650
511705088.jpg,210,198,593,386,1,Dodge Charger Sedan 2012,225
512425984.jpg,99,72,919,604,1,Dodge Charger Sedan 2012,225
513015808.jpg,42,29,602,406,1,Dodge Charger Sedan 2012,225
513364712312.jpg,0,0,0,0,0,,0
514366073.jpg,0,0,0,0,0,,0
515375104.jpg,46,87,743,464,1,Dodge Charger Sedan 2012,225
515506176.jpg,10,21,689,526,1,Dodge Charger Sedan 2012,225
515899392.jpg,35,86,857,447,1,Dodge Charger Sedan 2012,225
516161536.jpg,108,150,546,375,1,Dodge Charger Sedan 2012,225
5170122811129.jpg,0,0,0,0,0,,0
51708268589.jpg,0,0,0,0,0,,0
51773440.jpg,196,156,630,462,1,Aston Martin Virage Convertible 2012,339.25
521994240.jpg,44,33,268,167,1,Eagle Talon Hatchback 1998,300
522846208.jpg,41,104,656,401,1,Eagle Talon Hatchback 1998,300
522911744.jpg,127,123,503,299,1,Eagle Talon Hatchback 1998,300
52297728.jpg,217,219,830,558,1,Aston Martin Virage Convertible 2012,339.25
524156928.jpg,3,2,574,429,1,Eagle Talon Hatchback 1998,300
524388532946.jpg,0,0,0,0,0,,0
525139968.jpg,74,245,930,613,1,Eagle Talon Hatchback 1998,300
52515838686.jpg,0,0,0,0,0,,0
52559872.jpg,14,139,879,542,1,Aston Martin Virage Convertible 2012,339.25
525729792.jpg,185,162,457,345,1,Eagle Talon Hatchback 1998,300
525795328.jpg,85,31,577,272,1,Eagle Talon Hatchback 1998,300
525860864.jpg,13,11,432,333,1,Eagle Talon Hatchback 1998,300
525907461226.jpg,0,0,0,0,0,,0
52595702761.jpg,0,0,0,0,0,,0
526035975139.jpg,0,0,0,0,0,,0
52625408.jpg,21,153,304,269,1,Aston Martin Virage Convertible 2012,339.25
526516224.jpg,37,123,472,271,1,Eagle Talon Hatchback 1998,300
526778368.jpg,47,53,571,405,1,Eagle Talon Hatchback 1998,300
527040512.jpg,29,81,386,253,1,Eagle Talon Hatchback 1998,300
527368192.jpg,24,65,969,438,1,Eagle Talon Hatchback 1998,300
527826944.jpg,65,50,607,375,1,Eagle Talon Hatchback 1998,300
5317729562.jpg,0,0,0,0,0,,0
531955712.jpg,263,25,890,679,1,FIAT 500 Convertible 2012,111
53215232.jpg,102,271,1374,783,1,Aston Martin Virage Coupe 2012,339.25
532217856.jpg,274,376,1120,826,1,FIAT 500 Convertible 2012,111
532414464.jpg,9,3,273,166,1,FIAT 500 Convertible 2012,111
533069824.jpg,79,131,275,317,1,FIAT 500 Convertible 2012,111
533200896.jpg,23,34,405,243,1,FIAT 500 Convertible 2012,111
533331968.jpg,8,1,590,327,1,FIAT 500 Convertible 2012,111
533463040.jpg,55,36,426,314,1,FIAT 500 Convertible 2012,111
53397257.jpg,0,0,0,0,0,,0
534577152.jpg,8,1,288,155,1,FIAT 500 Convertible 2012,111
534642688.jpg,87,3,424,243,1,FIAT 500 Convertible 2012,111
534904832.jpg,47,145,692,736,1,FIAT 500 Convertible 2012,111
535494656.jpg,32,24,277,158,1,FIAT 500 Convertible 2012,111
535560192.jpg,94,31,239,162,1,FIAT 500 Convertible 2012,111
5363621910284.jpg,0,0,0,0,0,,0
536998451009.jpg,0,0,0,0,0,,0
53908714945.jpg,0,0,0,0,0,,0
54198272.jpg,88,158,746,395,1,Aston Martin Virage Coupe 2012,339.25
5426684443.jpg,0,0,0,0,0,,0
54329344.jpg,21,97,622,387,1,Aston Martin Virage Coupe 2012,339.25
5435817770857.jpg,0,0,0,0,0,,0
5463428273.jpg,0,0,0,0,0,,0
546635776.jpg,23,142,487,308,1,Ferrari 458 Italia Convertible 2012,296.3333333
546963456.jpg,102,117,524,328,1,Ferrari 458 Italia Convertible 2012,296.3333333
547618816.jpg,358,366,1300,860,1,Ferrari 458 Italia Convertible 2012,296.3333333
548143104.jpg,27,84,281,184,1,Ferrari 458 Italia Convertible 2012,296.3333333
548405248.jpg,25,55,291,187,1,Ferrari 458 Italia Convertible 2012,296.3333333
548667392.jpg,42,163,725,382,1,Ferrari 458 Italia Convertible 2012,296.3333333
549584896.jpg,100,19,576,203,1,Ferrari 458 Italia Convertible 2012,296.3333333
549978112.jpg,18,113,576,377,1,Ferrari 458 Italia Convertible 2012,296.3333333
550043648.jpg,26,232,629,453,1,Ferrari 458 Italia Convertible 2012,296.3333333
55012739572.jpg,0,0,0,0,0,,0
550305792.jpg,23,84,621,285,1,Ferrari 458 Italia Convertible 2012,296.3333333
550436864.jpg,70,15,399,173,1,Ferrari 458 Italia Convertible 2012,296.3333333
550502400.jpg,66,212,978,594,1,Ferrari 458 Italia Convertible 2012,296.3333333
551419904.jpg,26,187,355,305,1,Ferrari 458 Italia Convertible 2012,296.3333333
552009728.jpg,101,275,383,383,1,Ferrari 458 Italia Coupe 2012,296.3333333
552271872.jpg,30,41,267,179,1,Ferrari 458 Italia Coupe 2012,296.3333333
552665088.jpg,42,103,618,411,1,Ferrari 458 Italia Coupe 2012,296.3333333
553123840.jpg,68,94,251,163,1,Ferrari 458 Italia Coupe 2012,296.3333333
553975808.jpg,23,91,429,289,1,Ferrari 458 Italia Coupe 2012,296.3333333
554041344.jpg,1,98,420,269,1,Ferrari 458 Italia Coupe 2012,296.3333333
55415463317.jpg,0,0,0,0,0,,0
554827776.jpg,103,103,437,224,1,Ferrari 458 Italia Coupe 2012,296.3333333
554958848.jpg,133,255,1045,571,1,Ferrari 458 Italia Coupe 2012,296.3333333
555024384.jpg,3,103,477,284,1,Ferrari 458 Italia Coupe 2012,296.3333333
556007424.jpg,115,115,627,460,1,Ferrari 458 Italia Coupe 2012,296.3333333
556204032.jpg,42,69,570,375,1,Ferrari 458 Italia Coupe 2012,296.3333333
556269568.jpg,16,8,478,268,1,Ferrari 458 Italia Coupe 2012,296.3333333
557056000.jpg,63,40,586,379,1,Ferrari 458 Italia Coupe 2012,296.3333333
557711360.jpg,13,10,298,194,1,Fisker Karma Sedan 2012,51
557842432.jpg,22,46,643,311,1,Fisker Karma Sedan 2012,51
55789214618813.jpg,0,0,0,0,0,,0
558104576.jpg,21,121,390,381,1,Fisker Karma Sedan 2012,51
558366720.jpg,112,190,664,342,1,Fisker Karma Sedan 2012,51
558956544.jpg,90,82,914,360,1,Fisker Karma Sedan 2012,51
559022080.jpg,74,406,976,686,1,Fisker Karma Sedan 2012,51
55967744.jpg,70,351,1214,677,1,Aston Martin Virage Coupe 2012,339.25
559939584.jpg,37,50,253,158,1,Fisker Karma Sedan 2012,51
560005120.jpg,31,46,294,161,1,Fisker Karma Sedan 2012,51
560201728.jpg,17,98,417,244,1,Fisker Karma Sedan 2012,51
560594944.jpg,245,503,1127,849,1,Fisker Karma Sedan 2012,51
560726016.jpg,15,168,617,389,1,Fisker Karma Sedan 2012,51
560988160.jpg,64,17,442,251,1,Fisker Karma Sedan 2012,51
561119232.jpg,31,142,307,279,1,Fisker Karma Sedan 2012,51
561315840.jpg,9,74,454,265,1,Fisker Karma Sedan 2012,51
561512448.jpg,16,63,432,196,1,Fisker Karma Sedan 2012,51
562692096.jpg,47,117,701,357,1,Fisker Karma Sedan 2012,51
562888704.jpg,24,79,620,262,1,Fisker Karma Sedan 2012,51
563019776.jpg,17,13,313,226,1,Ford F-450 Super Duty Crew Cab 2012,162.5890411
563216384.jpg,92,134,564,399,1,Ford F-450 Super Duty Crew Cab 2012,162.5890411
564002816.jpg,21,29,229,175,1,Ford F-450 Super Duty Crew Cab 2012,162.5890411
564199424.jpg,73,109,606,374,1,Ford F-450 Super Duty Crew Cab 2012,162.5890411
564461568.jpg,14,36,133,99,1,Ford F-450 Super Duty Crew Cab 2012,162.5890411
564985856.jpg,31,22,239,193,1,Ford F-450 Super Duty Crew Cab 2012,162.5890411
565116928.jpg,17,49,536,302,1,Ford F-450 Super Duty Crew Cab 2012,162.5890411
565772288.jpg,67,83,1145,738,1,Ford F-450 Super Duty Crew Cab 2012,162.5890411
566427648.jpg,31,48,466,338,1,Ford F-450 Super Duty Crew Cab 2012,162.5890411
566689792.jpg,1,45,300,183,1,Ford F-450 Super Duty Crew Cab 2012,162.5890411
567869440.jpg,176,186,1191,819,1,Ford F-450 Super Duty Crew Cab 2012,162.5890411
568000512.jpg,7,299,1017,748,1,Ford F-450 Super Duty Crew Cab 2012,162.5890411
568459264.jpg,3,73,211,148,1,Ford Mustang Convertible 2007,164.1956522
569085683347.jpg,0,0,0,0,0,,0
569245696.jpg,7,53,394,268,1,Ford Mustang Convertible 2007,164.1956522
570163200.jpg,29,160,668,353,1,Ford Mustang Convertible 2007,164.1956522
570408500039689.jpg,0,0,0,0,0,,0
57111988028.jpg,0,0,0,0,0,,0
571342848.jpg,17,126,592,411,1,Ford Mustang Convertible 2007,164.1956522
571408384.jpg,215,403,3299,2075,1,Ford Mustang Convertible 2007,164.1956522
57147392.jpg,34,163,554,361,1,Aston Martin Virage Coupe 2012,339.25
571801600.jpg,13,32,237,173,1,Ford Mustang Convertible 2007,164.1956522
572129280.jpg,44,78,754,369,1,Ford Mustang Convertible 2007,164.1956522
572260352.jpg,18,50,243,138,1,Ford Mustang Convertible 2007,164.1956522
572915712.jpg,7,69,630,390,1,Ford Mustang Convertible 2007,164.1956522
572981248.jpg,20,85,476,251,1,Ford Mustang Convertible 2007,164.1956522
573046784.jpg,6,48,396,231,1,Ford Mustang Convertible 2007,164.1956522
573112320.jpg,44,172,751,473,1,Ford Mustang Convertible 2007,164.1956522
573964288.jpg,15,66,618,354,1,Ford Mustang Convertible 2007,164.1956522
574029824.jpg,47,125,607,413,1,Ford Mustang Convertible 2007,164.1956522
574685184.jpg,2,26,264,187,1,Ford Freestar Minivan 2007,164.1956522
57475072.jpg,631,490,1474,979,1,Aston Martin Virage Coupe 2012,339.25
574947328.jpg,116,185,546,413,1,Ford Freestar Minivan 2007,164.1956522
575143936.jpg,56,11,346,186,1,Ford Freestar Minivan 2007,164.1956522
575406080.jpg,3,56,251,148,1,Ford Freestar Minivan 2007,164.1956522
57591323746.jpg,0,0,0,0,0,,0
575995904.jpg,9,34,240,150,1,Ford Freestar Minivan 2007,164.1956522
576389120.jpg,14,78,1005,709,1,Ford Freestar Minivan 2007,164.1956522
576716800.jpg,19,88,612,455,1,Ford Freestar Minivan 2007,164.1956522
577306624.jpg,39,105,602,367,1,Ford Freestar Minivan 2007,164.1956522
57802752.jpg,64,49,656,310,1,Aston Martin Virage Coupe 2012,339.25
578158592.jpg,4,76,397,227,1,Ford Freestar Minivan 2007,164.1956522
578617344.jpg,33,78,359,193,1,Ford Freestar Minivan 2007,164.1956522
579073397599.jpg,0,0,0,0,0,,0
579141632.jpg,25,53,318,209,1,Ford Freestar Minivan 2007,164.1956522
57999360.jpg,108,257,1235,683,1,Aston Martin Virage Coupe 2012,339.25
580517888.jpg,21,12,293,215,1,Ford Expedition EL SUV 2009,161.3480176
5812321208.jpg,0,0,0,0,0,,0
581435392.jpg,9,15,246,186,1,Ford Expedition EL SUV 2009,161.3480176
581500928.jpg,8,15,256,178,1,Ford Expedition EL SUV 2009,161.3480176
581566464.jpg,57,61,249,184,1,Ford Expedition EL SUV 2009,161.3480176
581959680.jpg,66,92,492,336,1,Ford Expedition EL SUV 2009,161.3480176
582090752.jpg,54,114,359,267,1,Ford Expedition EL SUV 2009,161.3480176
582549504.jpg,50,78,579,372,1,Ford Expedition EL SUV 2009,161.3480176
582811648.jpg,22,53,329,204,1,Ford Expedition EL SUV 2009,161.3480176
583015598698.jpg,0,0,0,0,0,,0
58322483279.jpg,0,0,0,0,0,,0
583532544.jpg,73,120,565,380,1,Ford Expedition EL SUV 2009,161.3480176
583860224.jpg,84,98,574,320,1,Ford Expedition EL SUV 2009,161.3480176
583925760.jpg,28,24,243,182,1,Ford Expedition EL SUV 2009,161.3480176
584122368.jpg,34,35,232,160,1,Ford Expedition EL SUV 2009,161.3480176
584187904.jpg,61,103,751,472,1,Ford Expedition EL SUV 2009,161.3480176
584581120.jpg,41,32,773,489,1,Ford Expedition EL SUV 2009,161.3480176
584712192.jpg,59,198,557,444,1,Ford Expedition EL SUV 2009,161.3480176
584843264.jpg,43,188,626,420,1,Ford Expedition EL SUV 2009,161.3480176
585039872.jpg,7,4,252,194,1,Ford Expedition EL SUV 2009,161.3480176
585695232.jpg,35,29,336,301,1,Ford Expedition EL SUV 2009,161.3480176
5892864.jpg,0,0,0,0,0,,0
589499399.jpg,0,0,0,0,0,,0
5895033863.jpg,0,0,0,0,0,,0
59092185640.jpg,0,0,0,0,0,,0
591659008.jpg,179,121,488,406,1,Ford Ranger SuperCab 2011,161.1067961
591855616.jpg,39,66,376,298,1,Ford Ranger SuperCab 2011,161.1067961
591921152.jpg,22,12,245,178,1,Ford Ranger SuperCab 2011,161.1067961
592445440.jpg,41,81,629,410,1,Ford Ranger SuperCab 2011,161.1067961
592576512.jpg,51,8,256,187,1,Ford Ranger SuperCab 2011,161.1067961
593952768.jpg,46,15,202,156,1,Ford Ranger SuperCab 2011,161.1067961
593983270031.jpg,0,0,0,0,0,,0
594149376.jpg,1,97,1015,696,1,Ford Ranger SuperCab 2011,161.1067961
594214912.jpg,394,472,1234,859,1,Ford Ranger SuperCab 2011,161.1067961
594935808.jpg,14,59,1266,744,1,Ford Ranger SuperCab 2011,161.1067961
595066880.jpg,17,47,242,165,1,Ford Ranger SuperCab 2011,161.1067961
595787776.jpg,41,58,474,326,1,Ford Ranger SuperCab 2011,161.1067961
595853312.jpg,42,101,447,340,1,Ford Ranger SuperCab 2011,161.1067961
596115456.jpg,36,7,383,192,1,Ford Ranger SuperCab 2011,161.1067961
596443136.jpg,27,47,248,175,1,Ford Ranger SuperCab 2011,161.1067961
596836352.jpg,1,8,300,140,1,Ford Ranger SuperCab 2011,161.1067961
597753856.jpg,41,313,1061,1333,1,Ford GT Coupe 2006,169.0728155
5982177981.jpg,0,0,0,0,0,,0
598662427.jpg,0,0,0,0,0,,0
598802432.jpg,324,334,1115,772,1,Ford GT Coupe 2006,169.0728155
598933504.jpg,328,242,847,397,1,Ford GT Coupe 2006,169.0728155
599195648.jpg,122,157,921,587,1,Ford GT Coupe 2006,169.0728155
599326720.jpg,26,302,805,562,1,Ford GT Coupe 2006,169.0728155
599392256.jpg,87,72,738,501,1,Ford GT Coupe 2006,169.0728155
600113152.jpg,18,274,789,507,1,Ford GT Coupe 2006,169.0728155
600440832.jpg,1,120,799,397,1,Ford GT Coupe 2006,169.0728155
600506368.jpg,22,37,772,351,1,Ford GT Coupe 2006,169.0728155
600637440.jpg,324,431,1107,795,1,Ford GT Coupe 2006,169.0728155
600702976.jpg,64,172,1561,1003,1,Ford GT Coupe 2006,169.0728155
600899584.jpg,13,263,1266,959,1,Ford GT Coupe 2006,169.0728155
601096192.jpg,146,521,2135,1458,1,Ford GT Coupe 2006,169.0728155
601358336.jpg,25,235,714,519,1,Ford GT Coupe 2006,169.0728155
601817088.jpg,38,165,847,447,1,Ford GT Coupe 2006,169.0728155
602013696.jpg,179,433,1095,807,1,Ford GT Coupe 2006,169.0728155
602210304.jpg,219,263,816,586,1,Ford GT Coupe 2006,169.0728155
602472448.jpg,183,193,817,617,1,Ford GT Coupe 2006,169.0728155
60607980.jpg,0,0,0,0,0,,0
60639728641.jpg,0,0,0,0,0,,0
608035458710.jpg,0,0,0,0,0,,0
608501760.jpg,12,78,741,424,1,Ford F-150 Regular Cab 2007,164.1956522
608567296.jpg,28,8,433,225,1,Ford F-150 Regular Cab 2007,164.1956522
609091584.jpg,80,93,932,558,1,Ford F-150 Regular Cab 2007,164.1956522
609222656.jpg,14,45,213,149,1,Ford F-150 Regular Cab 2007,164.1956522
609681408.jpg,25,79,492,369,1,Ford F-150 Regular Cab 2007,164.1956522
610402304.jpg,28,172,961,767,1,Ford F-150 Regular Cab 2007,164.1956522
611450880.jpg,61,118,973,660,1,Ford F-150 Regular Cab 2007,164.1956522
611844096.jpg,17,96,607,302,1,Ford F-150 Regular Cab 2007,164.1956522
612433920.jpg,37,3,259,114,1,Ford F-150 Regular Cab 2007,164.1956522
612892672.jpg,13,111,567,363,1,Ford F-150 Regular Cab 2007,164.1956522
61317148.jpg,0,0,0,0,0,,0
613285888.jpg,74,210,978,510,1,Ford F-150 Regular Cab 2007,164.1956522
613518327363.jpg,0,0,0,0,0,,0
614072320.jpg,21,7,272,166,1,Ford F-150 Regular Cab 2007,164.1956522
614334464.jpg,11,49,524,314,1,Ford F-150 Regular Cab 2007,164.1956522
6147028075.jpg,0,0,0,0,0,,0
614727680.jpg,97,141,955,585,1,Ford Focus Sedan 2007,164.1956522
614858752.jpg,313,460,1399,1150,1,Ford Focus Sedan 2007,164.1956522
615055360.jpg,2,40,300,151,1,Ford Focus Sedan 2007,164.1956522
615972864.jpg,56,60,346,222,1,Ford Focus Sedan 2007,164.1956522
616103936.jpg,49,197,594,409,1,Ford Focus Sedan 2007,164.1956522
616169472.jpg,1,18,1022,692,1,Ford Focus Sedan 2007,164.1956522
616497152.jpg,29,102,436,251,1,Ford Focus Sedan 2007,164.1956522
616562688.jpg,67,177,626,480,1,Ford Focus Sedan 2007,164.1956522
616628224.jpg,12,34,398,254,1,Ford Focus Sedan 2007,164.1956522
61692996943.jpg,0,0,0,0,0,,0
6169579983034.jpg,0,0,0,0,0,,0
617021440.jpg,44,196,603,410,1,Ford Focus Sedan 2007,164.1956522
617218048.jpg,30,101,445,261,1,Ford Focus Sedan 2007,164.1956522
617349120.jpg,87,7,923,721,1,Ford Focus Sedan 2007,164.1956522
617545728.jpg,1,79,625,414,1,Ford Focus Sedan 2007,164.1956522
618135552.jpg,36,71,394,307,1,Ford Focus Sedan 2007,164.1956522
619708416.jpg,65,76,447,281,1,Ford Focus Sedan 2007,164.1956522
619839488.jpg,3,101,637,337,1,Ford Focus Sedan 2007,164.1956522
619970560.jpg,21,63,602,422,1,Ford Focus Sedan 2007,164.1956522
620298240.jpg,41,135,365,300,1,Ford E-Series Wagon Van 2012,162.5890411
620363776.jpg,1,35,180,156,1,Ford E-Series Wagon Van 2012,162.5890411
62074482403.jpg,0,0,0,0,0,,0
621215744.jpg,15,4,246,171,1,Ford E-Series Wagon Van 2012,162.5890411
621674496.jpg,17,27,258,194,1,Ford E-Series Wagon Van 2012,162.5890411
621848683139.jpg,0,0,0,0,0,,0
621871104.jpg,202,121,561,384,1,Ford E-Series Wagon Van 2012,162.5890411
622657536.jpg,13,40,257,143,1,Ford E-Series Wagon Van 2012,162.5890411
622788608.jpg,30,31,227,179,1,Ford E-Series Wagon Van 2012,162.5890411
622854144.jpg,44,103,707,518,1,Ford E-Series Wagon Van 2012,162.5890411
623247360.jpg,20,22,249,184,1,Ford E-Series Wagon Van 2012,162.5890411
6240521168198.jpg,0,0,0,0,0,,0
624164864.jpg,51,89,747,455,1,Ford E-Series Wagon Van 2012,162.5890411
6255033157240.jpg,0,0,0,0,0,,0
625606656.jpg,36,107,986,721,1,Ford Fiesta Sedan 2012,107
626196480.jpg,55,63,577,398,1,Ford Fiesta Sedan 2012,107
626327552.jpg,53,125,428,318,1,Ford Fiesta Sedan 2012,107
626589696.jpg,50,53,431,305,1,Ford Fiesta Sedan 2012,107
627179520.jpg,31,65,475,327,1,Ford Fiesta Sedan 2012,107
627245056.jpg,15,93,417,288,1,Ford Fiesta Sedan 2012,107
627769344.jpg,109,163,553,425,1,Ford Fiesta Sedan 2012,107
62796622178187.jpg,0,0,0,0,0,,0
628424704.jpg,56,78,433,305,1,Ford Fiesta Sedan 2012,107
628490240.jpg,2,109,359,310,1,Ford Fiesta Sedan 2012,107
628621312.jpg,72,214,976,723,1,Ford Fiesta Sedan 2012,107
629669888.jpg,9,16,621,367,1,Ford Fiesta Sedan 2012,107
629735424.jpg,39,13,504,208,1,Ford Fiesta Sedan 2012,107
630652928.jpg,60,84,415,312,1,Ford Fiesta Sedan 2012,107
63373312.jpg,21,96,380,275,1,Audi A5 Coupe 2012,153.5335689
641073152.jpg,33,87,468,278,1,GMC Yukon Hybrid SUV 2012,275
641400832.jpg,77,61,484,362,1,GMC Yukon Hybrid SUV 2012,275
641466368.jpg,11,123,500,358,1,GMC Yukon Hybrid SUV 2012,275
642187264.jpg,103,180,587,434,1,GMC Yukon Hybrid SUV 2012,275
64225280.jpg,37,139,656,470,1,Audi A5 Coupe 2012,153.5335689
642777088.jpg,11,28,476,234,1,GMC Yukon Hybrid SUV 2012,275
642973696.jpg,35,63,464,331,1,GMC Yukon Hybrid SUV 2012,275
643170304.jpg,54,75,449,300,1,GMC Yukon Hybrid SUV 2012,275
643235840.jpg,26,113,612,372,1,GMC Yukon Hybrid SUV 2012,275
64356352.jpg,26,98,428,309,1,Audi A5 Coupe 2012,153.5335689
643825664.jpg,68,44,433,288,1,GMC Yukon Hybrid SUV 2012,275
6444451698.jpg,0,0,0,0,0,,0
645726208.jpg,65,36,446,249,1,GMC Yukon Hybrid SUV 2012,275
645791744.jpg,77,141,560,409,1,GMC Yukon Hybrid SUV 2012,275
6467613068.jpg,0,0,0,0,0,,0
647248962852.jpg,0,0,0,0,0,,0
64749568.jpg,58,48,340,217,1,Audi A5 Coupe 2012,153.5335689
6491793391585.jpg,0,0,0,0,0,,0
65155721.jpg,0,0,0,0,0,,0
653457.jpg,0,0,0,0,0,,0
65372652699.jpg,0,0,0,0,0,,0
655360.jpg,14,18,148,107,1,AM General Hummer SUV 2000,650
6556018017.jpg,0,0,0,0,0,,0
6581393876837.jpg,0,0,0,0,0,,0
66006266751279.jpg,0,0,0,0,0,,0
662257097.jpg,0,0,0,0,0,,0
66322432.jpg,56,59,608,378,1,Audi A5 Coupe 2012,153.5335689
6649972451.jpg,0,0,0,0,0,,0
66584576.jpg,39,166,739,471,1,Audi A5 Coupe 2012,153.5335689
66650112.jpg,9,16,438,200,1,Audi A5 Coupe 2012,153.5335689
66701910337.jpg,0,0,0,0,0,,0
66781184.jpg,7,43,295,190,1,Audi A5 Coupe 2012,153.5335689
667877376.jpg,154,74,593,444,1,HUMMER H3T Crew Cab 2010,400
668205056.jpg,705,356,1353,748,1,HUMMER H3T Crew Cab 2010,400
66846720.jpg,27,91,563,350,1,Audi A5 Coupe 2012,153.5335689
668860416.jpg,26,26,300,222,1,HUMMER H3T Crew Cab 2010,400
668898307496.jpg,0,0,0,0,0,,0
668925952.jpg,85,118,379,290,1,HUMMER H3T Crew Cab 2010,400
668991488.jpg,111,246,647,434,1,HUMMER H3T Crew Cab 2010,400
669122560.jpg,52,49,668,354,1,HUMMER H3T Crew Cab 2010,400
669581312.jpg,37,10,400,300,1,HUMMER H3T Crew Cab 2010,400
670105600.jpg,30,57,400,309,1,HUMMER H3T Crew Cab 2010,400
670304813.jpg,0,0,0,0,0,,0
670498816.jpg,29,62,478,294,1,HUMMER H3T Crew Cab 2010,400
670695424.jpg,5,199,720,480,1,HUMMER H3T Crew Cab 2010,400
670760960.jpg,40,79,676,364,1,HUMMER H3T Crew Cab 2010,400
67077257383.jpg,0,0,0,0,0,,0
67091749.jpg,0,0,0,0,0,,0
671023104.jpg,28,36,666,361,1,HUMMER H3T Crew Cab 2010,400
671285248.jpg,268,430,1420,886,1,HUMMER H3T Crew Cab 2010,400
671416320.jpg,13,41,624,480,1,HUMMER H3T Crew Cab 2010,400
672169464.jpg,0,0,0,0,0,,0
672464896.jpg,21,135,508,313,1,HUMMER H3T Crew Cab 2010,400
67371008.jpg,16,63,241,172,1,Audi A5 Coupe 2012,153.5335689
67436544.jpg,72,214,934,708,1,Audi A5 Coupe 2012,153.5335689
67698688.jpg,10,30,291,183,1,Audi A5 Coupe 2012,153.5335689
678559744.jpg,123,291,929,587,1,Honda Odyssey Minivan 2012,141.6666667
679084032.jpg,50,168,937,501,1,Honda Odyssey Minivan 2012,141.6666667
679280640.jpg,47,137,965,681,1,Honda Odyssey Minivan 2012,141.6666667
679411712.jpg,13,122,480,286,1,Honda Odyssey Minivan 2012,141.6666667
679542784.jpg,84,88,438,292,1,Honda Odyssey Minivan 2012,141.6666667
6807424747529.jpg,0,0,0,0,0,,0
680984576.jpg,96,146,570,354,1,Honda Odyssey Minivan 2012,141.6666667
681639936.jpg,102,56,702,424,1,Honda Odyssey Minivan 2012,141.6666667
681771008.jpg,62,91,607,415,1,Honda Odyssey Minivan 2012,141.6666667
682229760.jpg,215,142,994,662,1,Honda Odyssey Minivan 2012,141.6666667
682557440.jpg,30,134,412,355,1,Honda Odyssey Minivan 2012,141.6666667
683081728.jpg,25,36,748,503,1,Honda Odyssey Minivan 2012,141.6666667
683474944.jpg,28,47,593,429,1,Honda Odyssey Minivan 2012,141.6666667
683540480.jpg,11,53,634,403,1,Honda Odyssey Minivan 2012,141.6666667
68550656.jpg,8,28,1005,616,1,Audi TTS Coupe 2012,153.5335689
6888256.jpg,0,0,0,0,0,,0
689307648.jpg,10,41,289,174,1,Honda Accord Coupe 2012,141
689504256.jpg,15,42,291,174,1,Honda Accord Coupe 2012,141
689766400.jpg,12,65,468,278,1,Honda Accord Coupe 2012,141
690159616.jpg,205,162,646,516,1,Honda Accord Coupe 2012,141
690552832.jpg,45,41,286,141,1,Honda Accord Coupe 2012,141
69074944.jpg,25,98,591,353,1,Audi TTS Coupe 2012,153.5335689
691077120.jpg,30,84,246,156,1,Honda Accord Coupe 2012,141
691142656.jpg,32,36,261,154,1,Honda Accord Coupe 2012,141
691273728.jpg,367,247,1603,1084,1,Honda Accord Coupe 2012,141
691339264.jpg,30,60,280,158,1,Honda Accord Coupe 2012,141
691470336.jpg,14,199,625,398,1,Honda Accord Coupe 2012,141
692256768.jpg,93,174,709,400,1,Honda Accord Coupe 2012,141
692322304.jpg,11,43,262,163,1,Honda Accord Coupe 2012,141
692781056.jpg,18,130,1005,656,1,Honda Accord Coupe 2012,141
692874942010.jpg,0,0,0,0,0,,0
693174272.jpg,26,74,368,239,1,Honda Accord Coupe 2012,141
693305344.jpg,5,114,295,237,1,Honda Accord Coupe 2012,141
693370880.jpg,21,50,547,248,1,Honda Accord Coupe 2012,141
694026240.jpg,31,286,1006,604,1,Honda Accord Coupe 2012,141
694091776.jpg,34,50,212,145,1,Honda Accord Coupe 2012,141
694288384.jpg,69,102,609,419,1,Honda Accord Coupe 2012,141
69747193629.jpg,0,0,0,0,0,,0
69829388.jpg,0,0,0,0,0,,0
6992280865572.jpg,0,0,0,0,0,,0
69992448.jpg,40,66,269,164,1,Audi TTS Coupe 2012,153.5335689
70232206614.jpg,0,0,0,0,0,,0
70385664.jpg,40,38,224,155,1,Audi TTS Coupe 2012,153.5335689
70647808.jpg,2,49,637,405,1,Audi TTS Coupe 2012,153.5335689
70662311422.jpg,0,0,0,0,0,,0
7076432227846.jpg,0,0,0,0,0,,0
715457907958.jpg,0,0,0,0,0,,0
716111872.jpg,71,87,591,380,1,Hyundai Veracruz SUV 2012,136.5384615
717357056.jpg,20,48,624,453,1,Hyundai Veracruz SUV 2012,136.5384615
717619200.jpg,466,207,1382,744,1,Hyundai Veracruz SUV 2012,136.5384615
717815808.jpg,59,133,955,688,1,Hyundai Veracruz SUV 2012,136.5384615
717946880.jpg,32,136,843,490,1,Hyundai Veracruz SUV 2012,136.5384615
718143488.jpg,55,64,563,409,1,Hyundai Veracruz SUV 2012,136.5384615
718340096.jpg,58,1,1561,1195,1,Hyundai Veracruz SUV 2012,136.5384615
718536704.jpg,37,50,609,402,1,Hyundai Veracruz SUV 2012,136.5384615
718798848.jpg,112,28,1459,1006,1,Hyundai Veracruz SUV 2012,136.5384615
719126528.jpg,48,123,629,359,1,Hyundai Veracruz SUV 2012,136.5384615
719192064.jpg,170,364,1467,899,1,Hyundai Veracruz SUV 2012,136.5384615
719388672.jpg,42,45,650,480,1,Hyundai Veracruz SUV 2012,136.5384615
719454208.jpg,151,78,564,441,1,Hyundai Veracruz SUV 2012,136.5384615
719650816.jpg,12,66,788,521,1,Hyundai Veracruz SUV 2012,136.5384615
72024064.jpg,55,74,459,275,1,Audi TTS Coupe 2012,153.5335689
72089600.jpg,9,44,688,395,1,Audi TTS Coupe 2012,153.5335689
721158144.jpg,21,292,577,514,1,Hyundai Veracruz SUV 2012,136.5384615
721420288.jpg,89,96,557,401,1,Hyundai Veracruz SUV 2012,136.5384615
721485824.jpg,32,60,585,425,1,Hyundai Veracruz SUV 2012,136.5384615
721944576.jpg,71,111,558,356,1,Hyundai Sonata Hybrid Sedan 2012,136.5384615
722141184.jpg,34,43,335,166,1,Hyundai Sonata Hybrid Sedan 2012,136.5384615
722534400.jpg,247,284,892,538,1,Hyundai Sonata Hybrid Sedan 2012,136.5384615
722796544.jpg,10,21,289,170,1,Hyundai Sonata Hybrid Sedan 2012,136.5384615
72303776547.jpg,0,0,0,0,0,,0
72351744.jpg,10,45,346,224,1,Audi TTS Coupe 2012,153.5335689
723845120.jpg,67,224,1206,789,1,Hyundai Sonata Hybrid Sedan 2012,136.5384615
723976192.jpg,26,47,443,273,1,Hyundai Sonata Hybrid Sedan 2012,136.5384615
724828160.jpg,190,142,886,511,1,Hyundai Sonata Hybrid Sedan 2012,136.5384615
724893696.jpg,19,32,251,164,1,Hyundai Sonata Hybrid Sedan 2012,136.5384615
725024768.jpg,20,62,477,329,1,Hyundai Sonata Hybrid Sedan 2012,136.5384615
72679424.jpg,41,68,585,381,1,Audi TTS Coupe 2012,153.5335689
73072640.jpg,32,22,230,175,1,Audi TTS Coupe 2012,153.5335689
73138176.jpg,419,267,1051,599,1,Audi TTS Coupe 2012,153.5335689
73203712.jpg,31,72,579,383,1,Audi TTS Coupe 2012,153.5335689
73400320.jpg,48,111,570,397,1,Audi TTS Coupe 2012,153.5335689
734593024.jpg,67,68,635,451,1,Hyundai Genesis Sedan 2012,136.5384615
735248384.jpg,13,103,497,334,1,Hyundai Genesis Sedan 2012,136.5384615
735510528.jpg,55,58,500,321,1,Hyundai Genesis Sedan 2012,136.5384615
73596928.jpg,53,59,268,173,1,Audi TTS Coupe 2012,153.5335689
736821248.jpg,38,134,463,311,1,Hyundai Genesis Sedan 2012,136.5384615
73728000.jpg,24,43,233,170,1,Audi TTS Coupe 2012,153.5335689
737345536.jpg,51,52,541,364,1,Hyundai Genesis Sedan 2012,136.5384615
737673216.jpg,75,94,496,258,1,Hyundai Genesis Sedan 2012,136.5384615
738787328.jpg,1,99,1011,709,1,Hyundai Genesis Sedan 2012,136.5384615
7393565936.jpg,0,0,0,0,0,,0
740032512.jpg,151,150,675,336,1,Hyundai Genesis Sedan 2012,136.5384615
741343232.jpg,24,27,616,346,1,Hyundai Sonata Sedan 2012,136.5384615
741801984.jpg,29,23,463,333,1,Hyundai Sonata Sedan 2012,136.5384615
741867520.jpg,93,239,907,661,1,Hyundai Sonata Sedan 2012,136.5384615
741998592.jpg,8,93,630,422,1,Hyundai Sonata Sedan 2012,136.5384615
742195200.jpg,68,135,389,282,1,Hyundai Sonata Sedan 2012,136.5384615
742326272.jpg,47,87,973,589,1,Hyundai Sonata Sedan 2012,136.5384615
742588416.jpg,48,123,708,480,1,Hyundai Sonata Sedan 2012,136.5384615
742850560.jpg,28,117,411,254,1,Hyundai Sonata Sedan 2012,136.5384615
743374848.jpg,164,312,999,675,1,Hyundai Sonata Sedan 2012,136.5384615
743440384.jpg,32,122,608,440,1,Hyundai Sonata Sedan 2012,136.5384615
743833600.jpg,21,49,444,286,1,Hyundai Sonata Sedan 2012,136.5384615
743899136.jpg,235,172,840,550,1,Hyundai Sonata Sedan 2012,136.5384615
744226816.jpg,96,91,593,377,1,Hyundai Sonata Sedan 2012,136.5384615
744554496.jpg,23,54,480,276,1,Hyundai Sonata Sedan 2012,136.5384615
744620032.jpg,12,54,461,324,1,Hyundai Sonata Sedan 2012,136.5384615
74909.jpg,0,0,0,0,0,,0
751108096.jpg,244,153,632,397,1,Hyundai Azera Sedan 2012,136.5384615
752025600.jpg,237,435,1000,876,1,Hyundai Azera Sedan 2012,136.5384615
753139712.jpg,44,275,1237,858,1,Hyundai Azera Sedan 2012,136.5384615
753205248.jpg,383,797,2407,1754,1,Hyundai Azera Sedan 2012,136.5384615
753532928.jpg,17,69,682,436,1,Hyundai Azera Sedan 2012,136.5384615
753664000.jpg,334,551,1260,1014,1,Hyundai Azera Sedan 2012,136.5384615
754253824.jpg,177,204,1053,621,1,Hyundai Azera Sedan 2012,136.5384615
754843648.jpg,143,98,610,445,1,Hyundai Azera Sedan 2012,136.5384615
755171328.jpg,21,49,1123,601,1,Hyundai Azera Sedan 2012,136.5384615
755302400.jpg,12,75,691,404,1,Hyundai Azera Sedan 2012,136.5384615
755367936.jpg,40,47,551,309,1,Hyundai Azera Sedan 2012,136.5384615
755564544.jpg,164,87,600,391,1,Hyundai Azera Sedan 2012,136.5384615
756416512.jpg,68,195,505,421,1,Hyundai Azera Sedan 2012,136.5384615
756809728.jpg,19,61,222,139,1,Infiniti G Coupe IPL 2012,248.7692308
756940800.jpg,42,60,265,153,1,Infiniti G Coupe IPL 2012,248.7692308
757465088.jpg,217,199,631,358,1,Infiniti G Coupe IPL 2012,248.7692308
757530624.jpg,17,75,279,158,1,Infiniti G Coupe IPL 2012,248.7692308
758120448.jpg,18,56,223,142,1,Infiniti G Coupe IPL 2012,248.7692308
758185984.jpg,25,36,292,170,1,Infiniti G Coupe IPL 2012,248.7692308
759169024.jpg,31,138,608,371,1,Infiniti G Coupe IPL 2012,248.7692308
759758848.jpg,17,50,290,179,1,Infiniti G Coupe IPL 2012,248.7692308
760348672.jpg,27,100,554,334,1,Infiniti G Coupe IPL 2012,248.7692308
761397248.jpg,27,147,573,471,1,Infiniti QX56 SUV 2011,248.8846154
761987072.jpg,9,62,461,271,1,Infiniti QX56 SUV 2011,248.8846154
762642432.jpg,70,67,689,410,1,Infiniti QX56 SUV 2011,248.8846154
763232256.jpg,32,38,254,134,1,Infiniti QX56 SUV 2011,248.8846154
764215296.jpg,88,75,543,380,1,Infiniti QX56 SUV 2011,248.8846154
764542976.jpg,6,59,424,296,1,Infiniti QX56 SUV 2011,248.8846154
764805120.jpg,12,38,309,194,1,Infiniti QX56 SUV 2011,248.8846154
765132800.jpg,20,15,431,253,1,Infiniti QX56 SUV 2011,248.8846154
770965504.jpg,209,407,1863,1277,1,Jaguar XK XKR 2012,254.4
772538368.jpg,45,53,602,399,1,Jaguar XK XKR 2012,254.4
772669440.jpg,307,278,1279,892,1,Jaguar XK XKR 2012,254.4
772734976.jpg,103,134,905,551,1,Jaguar XK XKR 2012,254.4
773193728.jpg,28,235,1597,1135,1,Jaguar XK XKR 2012,254.4
773652480.jpg,81,48,523,329,1,Jaguar XK XKR 2012,254.4
774438912.jpg,101,125,1043,745,1,Jaguar XK XKR 2012,254.4
775356416.jpg,115,42,1161,742,1,Jaguar XK XKR 2012,254.4
775487488.jpg,134,70,539,369,1,Jaguar XK XKR 2012,254.4
775553024.jpg,16,75,574,293,1,Jaguar XK XKR 2012,254.4
775684096.jpg,45,49,548,302,1,Jaguar XK XKR 2012,254.4
776077312.jpg,52,39,548,376,1,Jaguar XK XKR 2012,254.4
776208384.jpg,31,250,1268,785,1,Jaguar XK XKR 2012,254.4
776273920.jpg,11,106,358,288,1,Jaguar XK XKR 2012,254.4
783089664.jpg,166,103,1402,1114,1,Jeep Wrangler SUV 2012,228.4
783745024.jpg,20,132,513,365,1,Jeep Wrangler SUV 2012,228.4
783941632.jpg,37,42,290,201,1,Jeep Wrangler SUV 2012,228.4
784662528.jpg,61,30,969,767,1,Jeep Wrangler SUV 2012,228.4
7851850.jpg,0,0,0,0,0,,0
785383424.jpg,15,53,624,433,1,Jeep Wrangler SUV 2012,228.4
785514496.jpg,12,12,595,426,1,Jeep Wrangler SUV 2012,228.4
785842176.jpg,33,50,587,456,1,Jeep Wrangler SUV 2012,228.4
786104320.jpg,1,10,410,295,1,Jeep Wrangler SUV 2012,228.4
786169856.jpg,3,53,1001,767,1,Jeep Wrangler SUV 2012,228.4
786300928.jpg,107,72,551,432,1,Jeep Wrangler SUV 2012,228.4
786497536.jpg,96,21,939,697,1,Jeep Wrangler SUV 2012,228.4
786890752.jpg,41,109,481,452,1,Jeep Wrangler SUV 2012,228.4
787415040.jpg,22,57,280,214,1,Jeep Wrangler SUV 2012,228.4
787546112.jpg,303,289,818,708,1,Jeep Wrangler SUV 2012,228.4
787677184.jpg,74,52,365,215,1,Jeep Wrangler SUV 2012,228.4
788463616.jpg,32,74,917,763,1,Jeep Liberty SUV 2012,228.4
789118976.jpg,113,169,1431,993,1,Jeep Liberty SUV 2012,228.4
789643264.jpg,101,30,1192,781,1,Jeep Liberty SUV 2012,228.4
790429696.jpg,64,59,948,675,1,Jeep Liberty SUV 2012,228.4
791412736.jpg,52,118,753,525,1,Jeep Liberty SUV 2012,228.4
792461312.jpg,263,55,1686,1078,1,Jeep Liberty SUV 2012,228.4
793051136.jpg,274,70,1264,961,1,Jeep Liberty SUV 2012,228.4
793378816.jpg,77,30,563,465,1,Jeep Liberty SUV 2012,228.4
794296320.jpg,88,220,500,430,1,Jeep Grand Cherokee SUV 2012,228.4
794951680.jpg,22,186,975,652,1,Jeep Grand Cherokee SUV 2012,228.4
795541504.jpg,82,145,913,750,1,Jeep Grand Cherokee SUV 2012,228.4
795738112.jpg,21,64,289,171,1,Jeep Grand Cherokee SUV 2012,228.4
795803648.jpg,78,104,719,507,1,Jeep Grand Cherokee SUV 2012,228.4
795934720.jpg,47,107,973,711,1,Jeep Grand Cherokee SUV 2012,228.4
796459008.jpg,39,42,584,421,1,Jeep Grand Cherokee SUV 2012,228.4
797507584.jpg,17,77,585,417,1,Jeep Grand Cherokee SUV 2012,228.4
797769728.jpg,6,20,259,173,1,Jeep Grand Cherokee SUV 2012,228.4
797966336.jpg,177,154,582,388,1,Jeep Grand Cherokee SUV 2012,228.4
798031872.jpg,32,76,462,244,1,Jeep Grand Cherokee SUV 2012,228.4
798228480.jpg,22,38,545,360,1,Jeep Grand Cherokee SUV 2012,228.4
798490624.jpg,16,109,445,279,1,Jeep Grand Cherokee SUV 2012,228.4
799014912.jpg,178,316,1345,1132,1,Jeep Grand Cherokee SUV 2012,228.4
799211520.jpg,8,9,488,367,1,Jeep Grand Cherokee SUV 2012,228.4
79953920.jpg,9,174,678,388,1,Audi V8 Sedan 1994,350
799539200.jpg,30,30,272,213,1,Jeep Grand Cherokee SUV 2012,228.4
80081604280.jpg,0,0,0,0,0,,0
80455056.jpg,0,0,0,0,0,,0
80478208.jpg,4,16,213,118,1,Audi V8 Sedan 1994,350
80491842.jpg,0,0,0,0,0,,0
806027264.jpg,28,26,394,244,1,Lamborghini Reventon Coupe 2008,441.7213115
806289408.jpg,120,80,673,445,1,Lamborghini Reventon Coupe 2008,441.7213115
806617088.jpg,53,222,973,719,1,Lamborghini Reventon Coupe 2008,441.7213115
807337984.jpg,254,283,922,469,1,Lamborghini Reventon Coupe 2008,441.7213115
807600128.jpg,5,59,462,231,1,Lamborghini Reventon Coupe 2008,441.7213115
807796736.jpg,28,44,969,655,1,Lamborghini Reventon Coupe 2008,441.7213115
807993344.jpg,15,105,466,258,1,Lamborghini Reventon Coupe 2008,441.7213115
808517632.jpg,246,40,638,206,1,Lamborghini Reventon Coupe 2008,441.7213115
809041920.jpg,97,146,1178,743,1,Lamborghini Reventon Coupe 2008,441.7213115
809107456.jpg,218,383,722,545,1,Lamborghini Reventon Coupe 2008,441.7213115
809631744.jpg,159,254,1133,822,1,Lamborghini Reventon Coupe 2008,441.7213115
809762816.jpg,3,63,427,233,1,Lamborghini Reventon Coupe 2008,441.7213115
809893888.jpg,70,310,890,681,1,Lamborghini Reventon Coupe 2008,441.7213115
810614784.jpg,125,234,848,431,1,Lamborghini Aventador Coupe 2012,398
81133568.jpg,23,100,577,381,1,Audi V8 Sedan 1994,350
811794432.jpg,71,204,686,371,1,Lamborghini Aventador Coupe 2012,398
81395712.jpg,9,151,474,300,1,Audi V8 Sedan 1994,350
814088192.jpg,58,326,694,634,1,Lamborghini Aventador Coupe 2012,398
81461248.jpg,7,107,575,301,1,Audi V8 Sedan 1994,350
814612480.jpg,209,300,1447,812,1,Lamborghini Aventador Coupe 2012,398
815792128.jpg,110,75,272,151,1,Lamborghini Gallardo LP 570-4 Superleggera 2012,337.1333333
815988736.jpg,36,76,721,431,1,Lamborghini Gallardo LP 570-4 Superleggera 2012,337.1333333
816054272.jpg,63,72,250,149,1,Lamborghini Gallardo LP 570-4 Superleggera 2012,337.1333333
816316416.jpg,45,63,269,163,1,Lamborghini Gallardo LP 570-4 Superleggera 2012,337.1333333
816709632.jpg,118,53,217,230,1,Lamborghini Gallardo LP 570-4 Superleggera 2012,337.1333333
817102848.jpg,10,137,306,289,1,Lamborghini Gallardo LP 570-4 Superleggera 2012,337.1333333
817627136.jpg,9,114,568,313,1,Lamborghini Gallardo LP 570-4 Superleggera 2012,337.1333333
817889280.jpg,295,120,1199,519,1,Lamborghini Gallardo LP 570-4 Superleggera 2012,337.1333333
818020352.jpg,64,207,907,483,1,Lamborghini Gallardo LP 570-4 Superleggera 2012,337.1333333
818085888.jpg,31,115,609,400,1,Lamborghini Gallardo LP 570-4 Superleggera 2012,337.1333333
818216960.jpg,42,65,471,197,1,Lamborghini Gallardo LP 570-4 Superleggera 2012,337.1333333
818479104.jpg,34,236,891,574,1,Lamborghini Gallardo LP 570-4 Superleggera 2012,337.1333333
81854464.jpg,8,35,255,159,1,Audi V8 Sedan 1994,350
818937856.jpg,64,112,447,284,1,Lamborghini Gallardo LP 570-4 Superleggera 2012,337.1333333
819068928.jpg,131,135,533,297,1,Lamborghini Gallardo LP 570-4 Superleggera 2012,337.1333333
819527680.jpg,49,250,725,511,1,Lamborghini Gallardo LP 570-4 Superleggera 2012,337.1333333
82182144.jpg,12,39,265,142,1,Audi V8 Sedan 1994,350
82509824.jpg,9,5,258,181,1,Audi V8 Sedan 1994,350
82575360.jpg,29,36,615,448,1,Audi V8 Sedan 1994,350
832110592.jpg,49,4,825,313,1,Land Rover LR2 SUV 2012,300
832241664.jpg,16,52,386,252,1,Land Rover LR2 SUV 2012,300
833093632.jpg,21,86,379,293,1,Land Rover LR2 SUV 2012,300
833224704.jpg,38,93,580,375,1,Land Rover LR2 SUV 2012,300
833748992.jpg,67,152,573,464,1,Land Rover LR2 SUV 2012,300
834666496.jpg,57,92,1955,1592,1,Land Rover LR2 SUV 2012,300
835387392.jpg,1,8,300,182,1,Land Rover LR2 SUV 2012,300
835911680.jpg,55,77,607,434,1,Land Rover LR2 SUV 2012,300
836304896.jpg,120,139,506,386,1,Land Rover LR2 SUV 2012,300
836567040.jpg,21,57,285,201,1,Land Rover LR2 SUV 2012,300
836632576.jpg,25,78,555,355,1,Land Rover LR2 SUV 2012,300
83689472.jpg,21,156,975,604,1,Audi V8 Sedan 1994,350
84017152.jpg,104,231,659,431,1,Audi V8 Sedan 1994,350
84213760.jpg,24,90,246,188,1,Audi V8 Sedan 1994,350
84344832.jpg,19,63,349,196,1,Audi V8 Sedan 1994,350
84541440.jpg,37,75,330,220,1,Audi V8 Sedan 1994,350
84672512.jpg,38,49,260,153,1,Audi V8 Sedan 1994,350
84738048.jpg,43,122,847,420,1,Audi V8 Sedan 1994,350
847446016.jpg,49,31,150,141,1,Maybach Landaulet Convertible 2012,358.3076923
847970304.jpg,1,159,400,286,1,Maybach Landaulet Convertible 2012,358.3076923
848035840.jpg,27,42,589,301,1,Maybach Landaulet Convertible 2012,358.3076923
848166912.jpg,15,90,592,300,1,Maybach Landaulet Convertible 2012,358.3076923
848560128.jpg,31,60,253,145,1,Maybach Landaulet Convertible 2012,358.3076923
848625664.jpg,38,13,178,111,1,Maybach Landaulet Convertible 2012,358.3076923
84934656.jpg,122,87,603,331,1,Audi V8 Sedan 1994,350
849870848.jpg,26,1,461,225,1,Maybach Landaulet Convertible 2012,358.3076923
849936384.jpg,26,138,136,173,1,Maybach Landaulet Convertible 2012,358.3076923
850264064.jpg,36,11,276,150,1,Maybach Landaulet Convertible 2012,358.3076923
850460672.jpg,1,41,160,92,1,Maybach Landaulet Convertible 2012,358.3076923
850591744.jpg,22,85,530,427,1,Maybach Landaulet Convertible 2012,358.3076923
850657280.jpg,5,155,396,298,1,Maybach Landaulet Convertible 2012,358.3076923
850853888.jpg,7,96,439,250,1,Maybach Landaulet Convertible 2012,358.3076923
850919424.jpg,187,324,666,489,1,Maybach Landaulet Convertible 2012,358.3076923
850984960.jpg,17,62,386,176,1,Maybach Landaulet Convertible 2012,358.3076923
85327872.jpg,21,57,554,278,1,Audi 100 Sedan 1994,300
85393408.jpg,6,19,231,144,1,Audi 100 Sedan 1994,300
85458944.jpg,62,260,974,587,1,Audi 100 Sedan 1994,300
85590016.jpg,11,74,392,255,1,Audi 100 Sedan 1994,300
85655552.jpg,12,43,133,98,1,Audi 100 Sedan 1994,300
85721088.jpg,9,25,136,92,1,Audi 100 Sedan 1994,300
85786624.jpg,50,371,1397,800,1,Audi 100 Sedan 1994,300
85917696.jpg,14,61,938,406,1,Audi 100 Sedan 1994,300
85983232.jpg,1,79,300,202,1,Audi 100 Sedan 1994,300
86114304.jpg,52,493,1573,1039,1,Audi 100 Sedan 1994,300
862388224.jpg,10,117,456,330,1,Mercedes-Benz 300-Class Convertible 1993,275
862453760.jpg,1,37,197,144,1,Mercedes-Benz 300-Class Convertible 1993,275
863043584.jpg,18,84,205,167,1,Mercedes-Benz 300-Class Convertible 1993,275
86310912.jpg,1,43,128,91,1,Audi 100 Sedan 1994,300
863830016.jpg,70,193,762,445,1,Mercedes-Benz 300-Class Convertible 1993,275
86441984.jpg,20,240,862,677,1,Audi 100 Sedan 1994,300
864747520.jpg,1,35,186,129,1,Mercedes-Benz 300-Class Convertible 1993,275
865599488.jpg,31,27,282,209,1,Mercedes-Benz 300-Class Convertible 1993,275
865861632.jpg,14,35,251,142,1,Mercedes-Benz 300-Class Convertible 1993,275
866582528.jpg,10,102,772,558,1,Mercedes-Benz 300-Class Convertible 1993,275
866713600.jpg,144,122,940,456,1,Mercedes-Benz 300-Class Convertible 1993,275
867172352.jpg,6,38,126,91,1,Mercedes-Benz 300-Class Convertible 1993,275
867237888.jpg,140,62,684,250,1,Mercedes-Benz 300-Class Convertible 1993,275
87162880.jpg,5,118,551,293,1,Audi 100 Sedan 1994,300
8720705424.jpg,0,0,0,0,0,,0
8724827893.jpg,0,0,0,0,0,,0
873791488.jpg,42,111,521,409,1,Mercedes-Benz SL-Class Coupe 2009,283.6
874577920.jpg,25,46,775,555,1,Mercedes-Benz SL-Class Coupe 2009,283.6
87490560.jpg,19,10,428,321,1,Audi 100 Sedan 1994,300
875429888.jpg,4,91,600,308,1,Mercedes-Benz SL-Class Coupe 2009,283.6
875560960.jpg,72,46,261,140,1,Mercedes-Benz SL-Class Coupe 2009,283.6
875692032.jpg,10,67,599,303,1,Mercedes-Benz SL-Class Coupe 2009,283.6
876740608.jpg,162,279,907,677,1,Mercedes-Benz SL-Class Coupe 2009,283.6
876806144.jpg,94,122,216,208,1,Mercedes-Benz SL-Class Coupe 2009,283.6
876871680.jpg,45,229,591,555,1,Mercedes-Benz SL-Class Coupe 2009,283.6
877330432.jpg,626,641,1449,1021,1,Mercedes-Benz SL-Class Coupe 2009,283.6
88145920.jpg,9,13,338,149,1,Audi 100 Sedan 1994,300
88342528.jpg,57,191,948,592,1,Audi 100 Sedan 1994,300
88408064.jpg,79,172,1474,853,1,Audi 100 Sedan 1994,300
88473600.jpg,41,154,753,483,1,Audi 100 Sedan 1994,300
88801280.jpg,23,38,795,327,1,Audi 100 Sedan 1994,300
88932352.jpg,67,41,198,155,1,Audi 100 Sedan 1994,300
890109952.jpg,34,108,595,410,1,Mercedes-Benz Sprinter Van 2012,183
890175488.jpg,159,3,636,565,1,Mercedes-Benz Sprinter Van 2012,183
890372096.jpg,55,3,1007,706,1,Mercedes-Benz Sprinter Van 2012,183
890634240.jpg,224,57,457,366,1,Mercedes-Benz Sprinter Van 2012,183
89194496.jpg,20,42,252,170,1,Audi 100 Sedan 1994,300
892600320.jpg,433,262,1339,985,1,Mercedes-Benz Sprinter Van 2012,183
892993536.jpg,177,93,596,434,1,Mercedes-Benz Sprinter Van 2012,183
893059072.jpg,47,61,617,433,1,Mercedes-Benz Sprinter Van 2012,183
893583360.jpg,33,1,638,480,1,Mercedes-Benz Sprinter Van 2012,183
894107648.jpg,168,44,612,562,1,Mercedes-Benz Sprinter Van 2012,183
894173184.jpg,4,81,500,302,1,Mercedes-Benz Sprinter Van 2012,183
894369792.jpg,149,1,988,727,1,Mercedes-Benz Sprinter Van 2012,183
894697472.jpg,160,49,898,694,1,Mercedes-Benz Sprinter Van 2012,183
894894080.jpg,21,34,456,294,1,Mercedes-Benz Sprinter Van 2012,183
895483904.jpg,354,722,1185,1095,1,Mitsubishi Lancer Sedan 2012,158.5384615
89587712.jpg,57,53,223,161,1,Audi 100 Sedan 1994,300
895914.jpg,0,0,0,0,0,,0
896139264.jpg,108,591,1127,1107,1,Mitsubishi Lancer Sedan 2012,158.5384615
896335872.jpg,102,237,934,644,1,Mitsubishi Lancer Sedan 2012,158.5384615
896991232.jpg,193,209,1347,875,1,Mitsubishi Lancer Sedan 2012,158.5384615
897056768.jpg,85,237,1561,1052,1,Mitsubishi Lancer Sedan 2012,158.5384615
897187840.jpg,55,130,989,713,1,Mitsubishi Lancer Sedan 2012,158.5384615
897253376.jpg,91,197,949,606,1,Mitsubishi Lancer Sedan 2012,158.5384615
897449984.jpg,299,285,988,542,1,Mitsubishi Lancer Sedan 2012,158.5384615
89784320.jpg,9,44,230,134,1,Audi 100 Sedan 1994,300
897843200.jpg,126,234,809,509,1,Mitsubishi Lancer Sedan 2012,158.5384615
898039808.jpg,26,185,764,610,1,Mitsubishi Lancer Sedan 2012,158.5384615
899350528.jpg,123,44,830,557,1,Mitsubishi Lancer Sedan 2012,158.5384615
900399104.jpg,55,347,1220,810,1,Mitsubishi Lancer Sedan 2012,158.5384615
900988928.jpg,68,136,981,539,1,Mitsubishi Lancer Sedan 2012,158.5384615
90112000.jpg,11,46,252,132,1,Audi 100 Sedan 1994,300
901382144.jpg,63,71,969,619,1,Mitsubishi Lancer Sedan 2012,158.5384615
901775360.jpg,143,85,482,373,1,Nissan Leaf Hatchback 2012,185.7051282
902299648.jpg,245,235,560,414,1,Nissan Leaf Hatchback 2012,185.7051282
90243072.jpg,22,73,230,158,1,Audi 100 Sedan 1994,300
903282688.jpg,300,172,721,457,1,Nissan Leaf Hatchback 2012,185.7051282
903479296.jpg,83,68,551,237,1,Nissan Leaf Hatchback 2012,185.7051282
904396800.jpg,51,120,683,378,1,Nissan Leaf Hatchback 2012,185.7051282
904724480.jpg,175,110,591,347,1,Nissan Leaf Hatchback 2012,185.7051282
904986624.jpg,240,121,452,257,1,Nissan Leaf Hatchback 2012,185.7051282
905641984.jpg,41,51,579,324,1,Nissan Leaf Hatchback 2012,185.7051282
905969664.jpg,86,171,599,387,1,Nissan Leaf Hatchback 2012,185.7051282
906297344.jpg,60,166,915,481,1,Nissan Leaf Hatchback 2012,185.7051282
91553792.jpg,75,115,576,378,1,Audi 100 Wagon 1994,300
91684864.jpg,42,77,573,431,1,Audi 100 Wagon 1994,300
92405760.jpg,1,13,222,170,1,Audi 100 Wagon 1994,300
924516352.jpg,151,97,842,537,1,Plymouth Neon Coupe 1999,300
924581888.jpg,35,27,605,429,1,Plymouth Neon Coupe 1999,300
92471296.jpg,55,48,294,205,1,Audi 100 Wagon 1994,300
924844032.jpg,21,172,666,519,1,Plymouth Neon Coupe 1999,300
925630464.jpg,6,106,611,372,1,Plymouth Neon Coupe 1999,300
926416896.jpg,19,539,1278,981,1,Plymouth Neon Coupe 1999,300
926613504.jpg,59,139,1003,644,1,Plymouth Neon Coupe 1999,300
926810112.jpg,19,165,709,607,1,Plymouth Neon Coupe 1999,300
927072256.jpg,67,73,590,437,1,Plymouth Neon Coupe 1999,300
927334400.jpg,68,50,526,451,1,Plymouth Neon Coupe 1999,300
927399936.jpg,364,271,1585,1135,1,Plymouth Neon Coupe 1999,300
927465472.jpg,61,103,582,416,1,Plymouth Neon Coupe 1999,300
928055296.jpg,17,36,639,417,1,Plymouth Neon Coupe 1999,300
928251904.jpg,26,24,1198,686,1,Plymouth Neon Coupe 1999,300
928514048.jpg,17,17,632,443,1,Plymouth Neon Coupe 1999,300
929103872.jpg,5,115,1092,776,1,Plymouth Neon Coupe 1999,300
929234944.jpg,32,79,619,402,1,Plymouth Neon Coupe 1999,300
929497088.jpg,22,29,791,479,1,Plymouth Neon Coupe 1999,300
930414592.jpg,145,332,1537,867,1,Porsche Panamera Sedan 2012,239.4029851
930938880.jpg,20,74,984,548,1,Porsche Panamera Sedan 2012,239.4029851
931463168.jpg,70,171,373,275,1,Porsche Panamera Sedan 2012,239.4029851
932052992.jpg,346,229,1567,883,1,Porsche Panamera Sedan 2012,239.4029851
932380672.jpg,15,330,1268,716,1,Porsche Panamera Sedan 2012,239.4029851
932577280.jpg,62,377,1220,838,1,Porsche Panamera Sedan 2012,239.4029851
932963176.jpg,0,0,0,0,0,,0
934084608.jpg,20,124,585,391,1,Porsche Panamera Sedan 2012,239.4029851
934215680.jpg,17,55,619,453,1,Porsche Panamera Sedan 2012,239.4029851
93454336.jpg,51,56,264,168,1,Audi 100 Wagon 1994,300
934739968.jpg,18,320,1261,870,1,Porsche Panamera Sedan 2012,239.4029851
934871040.jpg,83,83,1183,734,1,Porsche Panamera Sedan 2012,239.4029851
935329792.jpg,18,68,570,342,1,Porsche Panamera Sedan 2012,239.4029851
93585408.jpg,210,135,1776,1122,1,Audi 100 Wagon 1994,300
94044160.jpg,5,94,251,183,1,Audi 100 Wagon 1994,300
941293568.jpg,39,328,754,567,1,Rolls-Royce Phantom Drophead Coupe Convertible 2012,450
942276608.jpg,64,75,256,158,1,Rolls-Royce Phantom Drophead Coupe Convertible 2012,450
942407680.jpg,24,96,414,317,1,Rolls-Royce Phantom Drophead Coupe Convertible 2012,450
942604288.jpg,9,99,296,191,1,Rolls-Royce Phantom Drophead Coupe Convertible 2012,450
942931968.jpg,28,78,409,257,1,Rolls-Royce Phantom Drophead Coupe Convertible 2012,450
943718400.jpg,20,110,457,263,1,Rolls-Royce Phantom Drophead Coupe Convertible 2012,450
944046080.jpg,11,7,256,189,1,Rolls-Royce Phantom Drophead Coupe Convertible 2012,450
944373760.jpg,93,215,741,415,1,Rolls-Royce Phantom Drophead Coupe Convertible 2012,450
944439296.jpg,32,77,623,271,1,Rolls-Royce Phantom Drophead Coupe Convertible 2012,450
944766976.jpg,39,183,793,402,1,Rolls-Royce Phantom Drophead Coupe Convertible 2012,450
945487872.jpg,195,372,1908,1339,1,Rolls-Royce Ghost Sedan 2012,350
945881088.jpg,150,119,481,368,1,Rolls-Royce Ghost Sedan 2012,350
946733056.jpg,187,327,1211,769,1,Rolls-Royce Ghost Sedan 2012,350
947322880.jpg,33,310,387,529,1,Rolls-Royce Ghost Sedan 2012,350
947388416.jpg,36,60,539,266,1,Rolls-Royce Ghost Sedan 2012,350
947519488.jpg,67,21,585,362,1,Rolls-Royce Ghost Sedan 2012,350
948502528.jpg,519,355,1143,673,1,Rolls-Royce Ghost Sedan 2012,350
949223424.jpg,101,179,545,422,1,Rolls-Royce Ghost Sedan 2012,350
949354496.jpg,79,159,569,354,1,Rolls-Royce Ghost Sedan 2012,350
949682176.jpg,2,38,535,404,1,Rolls-Royce Ghost Sedan 2012,350
949813248.jpg,60,95,617,345,1,Rolls-Royce Ghost Sedan 2012,350
950730752.jpg,13,48,442,257,1,Rolls-Royce Phantom Sedan 2012,450
951189504.jpg,30,118,618,334,1,Rolls-Royce Phantom Sedan 2012,450
953090048.jpg,30,57,467,254,1,Rolls-Royce Phantom Sedan 2012,450
953286656.jpg,12,48,280,170,1,Rolls-Royce Phantom Sedan 2012,450
954073088.jpg,46,35,243,137,1,Rolls-Royce Phantom Sedan 2012,450
954204160.jpg,1,32,300,176,1,Rolls-Royce Phantom Sedan 2012,450
954400768.jpg,34,94,223,178,1,Rolls-Royce Phantom Sedan 2012,450
954662912.jpg,34,157,563,413,1,Rolls-Royce Phantom Sedan 2012,450
955383808.jpg,216,60,568,343,1,Rolls-Royce Phantom Sedan 2012,450
955711488.jpg,50,88,440,254,1,Scion xD Hatchback 2012,225
956563456.jpg,20,38,615,394,1,Scion xD Hatchback 2012,225
956628992.jpg,62,79,620,455,1,Scion xD Hatchback 2012,225
95682560.jpg,2,16,200,89,1,Audi 100 Wagon 1994,300
957087744.jpg,37,67,617,437,1,Scion xD Hatchback 2012,225
957743104.jpg,93,108,519,332,1,Scion xD Hatchback 2012,225
958201856.jpg,104,261,511,480,1,Scion xD Hatchback 2012,225
958464000.jpg,15,18,595,428,1,Scion xD Hatchback 2012,225
958726144.jpg,111,217,692,473,1,Scion xD Hatchback 2012,225
959315968.jpg,74,29,567,467,1,Scion xD Hatchback 2012,225
959447040.jpg,119,164,454,307,1,Scion xD Hatchback 2012,225
959578112.jpg,21,56,382,304,1,Scion xD Hatchback 2012,225
960167936.jpg,53,98,436,261,1,Scion xD Hatchback 2012,225
960692224.jpg,15,134,626,382,1,Scion xD Hatchback 2012,225
967835648.jpg,98,48,1001,695,1,Spyker C8 Coupe 2009,375
967966720.jpg,91,11,334,258,1,Spyker C8 Coupe 2009,375
968753152.jpg,52,6,759,513,1,Spyker C8 Coupe 2009,375
969080832.jpg,52,21,400,262,1,Spyker C8 Coupe 2009,375
969474048.jpg,61,62,403,293,1,Spyker C8 Coupe 2009,375
969801728.jpg,116,92,387,210,1,Spyker C8 Coupe 2009,375
970391552.jpg,124,216,846,568,1,Spyker C8 Coupe 2009,375
970588160.jpg,46,85,462,305,1,Spyker C8 Coupe 2009,375
970784768.jpg,17,263,618,618,1,Spyker C8 Coupe 2009,375
970850304.jpg,3,1,400,169,1,Spyker C8 Coupe 2009,375
971112448.jpg,56,53,261,152,1,Spyker C8 Coupe 2009,375
971177984.jpg,23,49,494,257,1,Spyker C8 Coupe 2009,375
971440128.jpg,268,248,1751,1227,1,Spyker C8 Coupe 2009,375
972029952.jpg,93,114,489,283,1,Spyker C8 Coupe 2009,375
972095488.jpg,36,64,597,275,1,Spyker C8 Coupe 2009,375
972292096.jpg,83,368,1225,769,1,Spyker C8 Coupe 2009,375
973012992.jpg,26,58,496,362,1,Suzuki Aerio Sedan 2007,165.1666667
973406208.jpg,60,51,622,424,1,Suzuki Aerio Sedan 2007,165.1666667
973668352.jpg,23,67,605,392,1,Suzuki Aerio Sedan 2007,165.1666667
973733888.jpg,8,61,1023,478,1,Suzuki Aerio Sedan 2007,165.1666667
973996032.jpg,50,155,637,392,1,Suzuki Aerio Sedan 2007,165.1666667
974258176.jpg,60,41,365,169,1,Suzuki Aerio Sedan 2007,165.1666667
974520320.jpg,14,224,1011,612,1,Suzuki Aerio Sedan 2007,165.1666667
974651392.jpg,36,129,471,328,1,Suzuki Aerio Sedan 2007,165.1666667
974782464.jpg,43,97,591,397,1,Suzuki Aerio Sedan 2007,165.1666667
975437824.jpg,6,65,639,377,1,Suzuki Aerio Sedan 2007,165.1666667
975634432.jpg,30,71,602,397,1,Suzuki Aerio Sedan 2007,165.1666667
975699968.jpg,7,17,289,165,1,Suzuki Aerio Sedan 2007,165.1666667
975831040.jpg,21,75,386,320,1,Suzuki Aerio Sedan 2007,165.1666667
975896576.jpg,23,99,279,214,1,Suzuki Aerio Sedan 2007,165.1666667
976027648.jpg,15,217,1189,656,1,Suzuki Aerio Sedan 2007,165.1666667
976355328.jpg,101,94,402,270,1,Suzuki Aerio Sedan 2007,165.1666667
976486400.jpg,30,52,246,147,1,Suzuki Aerio Sedan 2007,165.1666667
977076224.jpg,84,169,561,443,1,Suzuki Aerio Sedan 2007,165.1666667
977600512.jpg,64,151,768,405,1,Suzuki Kizashi Sedan 2012,131.6486486
979107840.jpg,30,103,614,378,1,Suzuki Kizashi Sedan 2012,131.6486486
979894272.jpg,256,310,1504,727,1,Suzuki Kizashi Sedan 2012,131.6486486
980877312.jpg,105,141,676,555,1,Suzuki Kizashi Sedan 2012,131.6486486
981336064.jpg,127,217,502,473,1,Suzuki Kizashi Sedan 2012,131.6486486
981598208.jpg,277,190,731,462,1,Suzuki Kizashi Sedan 2012,131.6486486
981794816.jpg,45,83,752,322,1,Suzuki Kizashi Sedan 2012,131.6486486
981860352.jpg,15,144,628,356,1,Suzuki Kizashi Sedan 2012,131.6486486
982056960.jpg,47,158,565,382,1,Suzuki Kizashi Sedan 2012,131.6486486
983302144.jpg,42,78,598,405,1,Suzuki Kizashi Sedan 2012,131.6486486
989396992.jpg,6,63,806,510,1,Suzuki SX4 Sedan 2012,139
989855744.jpg,282,338,1298,748,1,Suzuki SX4 Sedan 2012,139
990183424.jpg,224,118,519,300,1,Suzuki SX4 Sedan 2012,139
990248960.jpg,48,92,582,368,1,Suzuki SX4 Sedan 2012,139
990380032.jpg,89,42,461,288,1,Suzuki SX4 Sedan 2012,139
991428608.jpg,64,347,629,577,1,Suzuki SX4 Sedan 2012,139
991690752.jpg,11,21,733,529,1,Suzuki SX4 Sedan 2012,139
992149504.jpg,71,96,569,348,1,Suzuki SX4 Sedan 2012,139
992215040.jpg,24,1,559,368,1,Suzuki SX4 Sedan 2012,139
993787904.jpg,170,37,882,656,1,Suzuki SX4 Sedan 2012,139
994312192.jpg,199,42,799,444,1,Suzuki SX4 Sedan 2012,139
994377728.jpg,143,74,503,402,1,Suzuki SX4 Sedan 2012,139
99910592.jpg,0,0,0,0,0,,0
999751680.jpg,55,31,341,238,1,Toyota Sequoia SUV 2012,129.1428571
